normalized_title,canonical_skill,category
.net developer,.net,Framework / Library
.net developer,asp.net,Framework / Library
.net developer,c#,Programming Language
.net developer,cloud computing,Cloud / Infrastructure
.net developer,entity framework,Framework / Library
.net developer,git,DevOps / CI-CD
.net developer,linq,Framework / Library
.net developer,mvc,Framework / Library
.net developer,sql server,Database / Data Technology
.net developer,web api,API / Integration
2d artist/animator,2d animation,Animation / Multimedia
2d artist/animator,animation software,Animation / Multimedia
2d artist/animator,drawing,Animation / Multimedia
2d artist/animator,illustration,Animation / Multimedia
3d artist/animator,3d animation,Animation / Multimedia
3d artist/animator,modeling,AI / Advanced Analytics
3d artist/animator,rigging,Animation / Multimedia
3d artist/animator,texturing,Animation / Multimedia
accessibility specialist,accessibility testing,Testing / QA
accessibility specialist,ada compliance,Compliance / Governance
accessibility specialist,aria,Other / Review
accessibility specialist,assistive technologies,Design / UX
accessibility specialist,css,Web Development
accessibility specialist,html,Web Development
accessibility specialist,javascript,Programming Language
accessibility specialist,ui/ux,Design / UX
accessibility specialist,wcag,Compliance / Governance
admin big data,aws,Cloud / Infrastructure
admin big data,azure,Cloud / Infrastructure
admin big data,big data architecture,AI / Advanced Analytics
admin big data,cloud computing,Cloud / Infrastructure
admin big data,data governance,Data / AI
admin big data,data lakes,Data / AI
admin big data,data modeling,Data / AI
admin big data,data warehousing,Data / AI
admin big data,etl,Data Engineering
admin big data,hadoop,Data / AI
admin big data,mapreduce,Data / AI
admin big data,nosql,Database / Data Technology
admin big data,security,Security
admin big data,spark,Data / AI
agile project manager,agile methodologies,Business / Management
agile project manager,communication,Soft Skill
agile project manager,confluence,Enterprise / Business Systems
agile project manager,jira,Enterprise / Business Systems
agile project manager,kanban,Business / Management
agile project manager,project management,Business / Management
agile project manager,scrum,Business / Management
agile project manager,stakeholder management,Business / Management
ai researcher,ai/ml algorithms,Data / AI
ai researcher,data analysis,Data / AI
ai researcher,python,Programming Language
ai researcher,research methodologies,Research / Analytics
ai software architect,ai/ml architecture,Architecture / Design
ai software architect,cloud computing,Cloud / Infrastructure
ai software architect,data modeling,Data / AI
ai software architect,software design,Software Engineering
android developer,android sdk,Mobile Development
android developer,android studio,Mobile Development
android developer,firebase,Framework / Library
android developer,java,Programming Language
android developer,kotlin,Programming Language
android developer,mobile development,Mobile Development
android developer,rest apis,API / Integration
android developer,sql,Database / Data Technology
android developer,ui/ux design,Design / UX
animation director,animation direction,Animation / Multimedia
animation director,project management,Business / Management
animation director,storytelling,Research / Analytics
animation director,team leadership,Business / Management
animator,2d/3d animation,Animation / Multimedia
animator,animation software,Animation / Multimedia
animator,storyboarding,Animation / Multimedia
animator,visual effects,Animation / Multimedia
ansible automation engineer,ansible,Cloud / Infrastructure
ansible automation engineer,automation,DevOps / CI-CD
ansible automation engineer,aws,Cloud / Infrastructure
ansible automation engineer,azure,Cloud / Infrastructure
ansible automation engineer,cloud computing,Cloud / Infrastructure
ansible automation engineer,infrastructure as code,Cloud / Infrastructure
ansible automation engineer,linux,Cloud / Infrastructure
ansible automation engineer,networking,Networking
ansible automation engineer,python,Programming Language
ansible automation engineer,scripting,Programming Language
ansible operations engineer,ansible,Cloud / Infrastructure
ansible operations engineer,automation,DevOps / CI-CD
ansible operations engineer,aws,Cloud / Infrastructure
ansible operations engineer,ci/cd,DevOps / CI-CD
ansible operations engineer,cloud platforms,Cloud / Infrastructure
ansible operations engineer,docker,Cloud / Infrastructure
ansible operations engineer,infrastructure as code,Cloud / Infrastructure
ansible operations engineer,kubernetes,Cloud / Infrastructure
ansible operations engineer,linux,Cloud / Infrastructure
ansible operations engineer,networking,Networking
ansible operations engineer,python,Programming Language
ansible operations engineer,scripting,Programming Language
ansible operations engineer,terraform,Cloud / Infrastructure
api developer,api design,API / Integration
api developer,programming languages,Software Engineering
api developer,restful services,API / Integration
api developer,security,Security
appdynamics engineer,.net,Framework / Library
appdynamics engineer,alerting,Monitoring / Observability
appdynamics engineer,appdynamics,Monitoring / Observability
appdynamics engineer,application performance monitoring,Monitoring / Observability
appdynamics engineer,cloud computing,Cloud / Infrastructure
appdynamics engineer,java,Programming Language
appdynamics engineer,metrics,Data / AI
appdynamics engineer,troubleshooting,IT Operations / Administration
application designer,application design,Architecture / Design
application designer,programming languages,Software Engineering
application designer,software architecture,Architecture / Design
application designer,ui/ux principles,Design / UX
application engineer,application development,Software Engineering
application engineer,programming languages,Software Engineering
application engineer,system administration,IT Operations / Administration
application engineer,troubleshooting,IT Operations / Administration
application security engineer,application security,Security
application security engineer,cloud security,Security
application security engineer,dast,Security
application security engineer,owasp,Security
application security engineer,penetration testing,Security
application security engineer,sast,Security
application security engineer,secure coding,Security
application security engineer,vulnerability management,Security
art director,art direction,Animation / Multimedia
art director,project management,Business / Management
art director,team leadership,Business / Management
art director,visual design,Design / UX
artifactory administrator,artifactory,DevOps / CI-CD
artifactory administrator,build automation,DevOps / CI-CD
artifactory administrator,ci/cd,DevOps / CI-CD
artifactory administrator,cloud computing,Cloud / Infrastructure
artifactory administrator,docker,Cloud / Infrastructure
artifactory administrator,git,DevOps / CI-CD
artifactory administrator,gradle,DevOps / CI-CD
artifactory administrator,jenkins,DevOps / CI-CD
artifactory administrator,jfrog cli,DevOps / CI-CD
artifactory administrator,linux,Cloud / Infrastructure
artifactory administrator,maven,DevOps / CI-CD
artifactory administrator,version control,DevOps / CI-CD
artifactory engineer,artifactory,DevOps / CI-CD
artifactory engineer,build automation,DevOps / CI-CD
artifactory engineer,ci/cd,DevOps / CI-CD
artifactory engineer,cloud computing,Cloud / Infrastructure
artifactory engineer,docker,Cloud / Infrastructure
artifactory engineer,git,DevOps / CI-CD
artifactory engineer,gradle,DevOps / CI-CD
artifactory engineer,jenkins,DevOps / CI-CD
artifactory engineer,linux,Cloud / Infrastructure
artifactory engineer,maven,DevOps / CI-CD
artifactory engineer,version control,DevOps / CI-CD
artificial intelligence / machine learning leader,ai strategy,Data / AI
artificial intelligence / machine learning leader,budgeting,Finance / Business
artificial intelligence / machine learning leader,cloud computing,Cloud / Infrastructure
artificial intelligence / machine learning leader,communication,Soft Skill
artificial intelligence / machine learning leader,data science,Data / AI
artificial intelligence / machine learning leader,deep learning,Data / AI
artificial intelligence / machine learning leader,machine learning,Data / AI
artificial intelligence / machine learning leader,project management,Business / Management
artificial intelligence / machine learning leader,stakeholder management,Business / Management
artificial intelligence / machine learning leader,team management,Business / Management
artificial intelligence / machine learning sr.leader,ai strategy,Data / AI
artificial intelligence / machine learning sr.leader,budgeting,Finance / Business
artificial intelligence / machine learning sr.leader,cloud computing,Cloud / Infrastructure
artificial intelligence / machine learning sr.leader,communication,Soft Skill
artificial intelligence / machine learning sr.leader,data science,Data / AI
artificial intelligence / machine learning sr.leader,deep learning,Data / AI
artificial intelligence / machine learning sr.leader,innovation,Business / Management
artificial intelligence / machine learning sr.leader,machine learning,Data / AI
artificial intelligence / machine learning sr.leader,mentoring,Soft Skill
artificial intelligence / machine learning sr.leader,project management,Business / Management
artificial intelligence / machine learning sr.leader,stakeholder management,Business / Management
artificial intelligence / machine learning sr.leader,team management,Business / Management
artificial intelligence architect,ai architecture,Architecture / Design
artificial intelligence architect,aws,Cloud / Infrastructure
artificial intelligence architect,azure,Cloud / Infrastructure
artificial intelligence architect,cloud computing,Cloud / Infrastructure
artificial intelligence architect,data science,Data / AI
artificial intelligence architect,deep learning,Data / AI
artificial intelligence architect,machine learning,Data / AI
artificial intelligence architect,model deployment,Data / AI
artificial intelligence architect,scalability,Software Engineering
artificial intelligence architect,security,Security
artificial intelligence architect,system design,Architecture / Design
artificial intelligence engineer,ai/ml algorithms,Data / AI
artificial intelligence engineer,deep learning,Data / AI
artificial intelligence engineer,neural networks,Data / AI
artificial intelligence engineer,python,Programming Language
artificial intelligence researcher,algorithm design,Software Engineering
artificial intelligence researcher,data analysis,Data / AI
artificial intelligence researcher,deep learning,Data / AI
artificial intelligence researcher,machine learning,Data / AI
artificial intelligence researcher,python,Programming Language
artificial intelligence researcher,pytorch,Framework / Library
artificial intelligence researcher,research methods,Research / Analytics
artificial intelligence researcher,scientific writing,Research / Analytics
artificial intelligence researcher,statistical analysis,Data / AI
artificial intelligence researcher,tensorflow,Framework / Library
automation specialist,automation tools,DevOps / CI-CD
automation specialist,process improvement,Business / Management
automation specialist,scripting,Programming Language
automation specialist,testing,Testing / QA
aws devops engineer,ansible,Cloud / Infrastructure
aws devops engineer,automation,DevOps / CI-CD
aws devops engineer,aws,Cloud / Infrastructure
aws devops engineer,ci/cd,DevOps / CI-CD
aws devops engineer,cloudformation,Cloud / Infrastructure
aws devops engineer,devops,DevOps / CI-CD
aws devops engineer,docker,Cloud / Infrastructure
aws devops engineer,kubernetes,Cloud / Infrastructure
aws devops engineer,linux,Cloud / Infrastructure
aws devops engineer,scripting,Programming Language
aws devops engineer,terraform,Cloud / Infrastructure
aws solutions architect,aws,Cloud / Infrastructure
aws solutions architect,aws lambda,Cloud / Infrastructure
aws solutions architect,cloud architecture,Cloud / Infrastructure
aws solutions architect,cloud security,Security
aws solutions architect,cloudformation,Cloud / Infrastructure
aws solutions architect,devops,DevOps / CI-CD
aws solutions architect,ec2,Cloud / Infrastructure
aws solutions architect,networking,Networking
aws solutions architect,s3,Cloud / Infrastructure
aws solutions architect,security,Security
aws solutions architect,terraform,Cloud / Infrastructure
azure devops engineer,ansible,Cloud / Infrastructure
azure devops engineer,arm templates,Cloud / Infrastructure
azure devops engineer,automation,DevOps / CI-CD
azure devops engineer,azure,Cloud / Infrastructure
azure devops engineer,ci/cd,DevOps / CI-CD
azure devops engineer,devops,DevOps / CI-CD
azure devops engineer,docker,Cloud / Infrastructure
azure devops engineer,kubernetes,Cloud / Infrastructure
azure devops engineer,linux,Cloud / Infrastructure
azure devops engineer,scripting,Programming Language
azure devops engineer,terraform,Cloud / Infrastructure
back end developer,api development,API / Integration
back end developer,databases,Database / Data Technology
back end developer,frameworks,Software Engineering
back end developer,server-side programming,Web Development
bamboo engineer,atlassian suite,Enterprise / Business Systems
bamboo engineer,automation,DevOps / CI-CD
bamboo engineer,bamboo,DevOps / CI-CD
bamboo engineer,build automation,DevOps / CI-CD
bamboo engineer,ci/cd,DevOps / CI-CD
bamboo engineer,git,DevOps / CI-CD
bamboo engineer,scripting,Programming Language
bamboo engineer,version control,DevOps / CI-CD
big data architect,aws,Cloud / Infrastructure
big data architect,azure,Cloud / Infrastructure
big data architect,cloud computing,Cloud / Infrastructure
big data architect,data governance,Data / AI
big data architect,data lakes,Data / AI
big data architect,data modeling,Data / AI
big data architect,data warehousing,Data / AI
big data architect,etl,Data Engineering
big data architect,hadoop,Data / AI
big data architect,kafka,Data / AI
big data architect,mapreduce,Data / AI
big data architect,nosql,Database / Data Technology
big data architect,security,Security
big data architect,spark,Data / AI
big data engineer,cloud computing,Cloud / Infrastructure
big data engineer,data pipelines,Data / AI
big data engineer,data warehousing,Data / AI
big data engineer,etl,Data Engineering
big data engineer,hadoop,Data / AI
big data engineer,java,Programming Language
big data engineer,kafka,Data / AI
big data engineer,nosql,Database / Data Technology
big data engineer,python,Programming Language
big data engineer,scala,Programming Language
big data engineer,spark,Data / AI
big data engineer,sql,Database / Data Technology
big data specialist,cloud computing,Cloud / Infrastructure
big data specialist,data analysis,Data / AI
big data specialist,data mining,Data / AI
big data specialist,data modeling,Data / AI
big data specialist,data visualization,Data / AI
big data specialist,etl,Data Engineering
big data specialist,hadoop,Data / AI
big data specialist,nosql,Database / Data Technology
big data specialist,spark,Data / AI
big data specialist,sql,Database / Data Technology
big data specialist,statistical analysis,Data / AI
bitbucket engineer,atlassian suite,Enterprise / Business Systems
bitbucket engineer,bitbucket,DevOps / CI-CD
bitbucket engineer,branching strategies,DevOps / CI-CD
bitbucket engineer,ci/cd,DevOps / CI-CD
bitbucket engineer,code review,Software Engineering
bitbucket engineer,git,DevOps / CI-CD
bitbucket engineer,version control,DevOps / CI-CD
blockchain developer,blockchain,Blockchain / Web3
blockchain developer,consensus algorithms,Blockchain / Web3
blockchain developer,cryptocurrency,Blockchain / Web3
blockchain developer,distributed ledger,Blockchain / Web3
blockchain developer,ethereum,Blockchain / Web3
blockchain developer,javascript,Programming Language
blockchain developer,node,Framework / Library
blockchain developer,smart contracts,Blockchain / Web3
blockchain developer,solidity,Blockchain / Web3
blockchain developer,web3,Blockchain / Web3
build and release engineer,automation,DevOps / CI-CD
build and release engineer,build tools,Software Engineering
build and release engineer,ci/cd,DevOps / CI-CD
build and release engineer,docker,Cloud / Infrastructure
build and release engineer,git,DevOps / CI-CD
build and release engineer,gradle,DevOps / CI-CD
build and release engineer,jenkins,DevOps / CI-CD
build and release engineer,kubernetes,Cloud / Infrastructure
build and release engineer,linux,Cloud / Infrastructure
build and release engineer,maven,DevOps / CI-CD
build and release engineer,scripting,Programming Language
build engineer,ant,Other / Review
build engineer,build automation,DevOps / CI-CD
build engineer,ci/cd,DevOps / CI-CD
build engineer,git,DevOps / CI-CD
build engineer,gradle,DevOps / CI-CD
build engineer,jenkins,DevOps / CI-CD
build engineer,linux,Cloud / Infrastructure
build engineer,maven,DevOps / CI-CD
build engineer,scripting,Programming Language
build engineer,version control,DevOps / CI-CD
business intelligence analyst,business acumen,Business / Management
business intelligence analyst,data analysis,Data / AI
business intelligence analyst,data visualization,Data / AI
business intelligence analyst,sql,Database / Data Technology
business intelligence developer,business intelligence tools,Business / Management
business intelligence developer,data modeling,Data / AI
business intelligence developer,etl processes,Data Engineering
business intelligence developer,sql,Database / Data Technology
business systems analyst,bpmn,Enterprise / Business Systems
business systems analyst,business analysis,Business / Management
business systems analyst,data analysis,Data / AI
business systems analyst,process improvement,Business / Management
business systems analyst,requirements gathering,Business / Management
business systems analyst,sql,Database / Data Technology
business systems analyst,stakeholder management,Business / Management
business systems analyst,uml,Architecture / Design
c# developer,.net,Framework / Library
c# developer,asp.net,Framework / Library
c# developer,c#,Programming Language
c# developer,cloud computing,Cloud / Infrastructure
c# developer,entity framework,Framework / Library
c# developer,git,DevOps / CI-CD
c# developer,linq,Framework / Library
c# developer,mvc,Framework / Library
c# developer,sql server,Database / Data Technology
c# developer,web api,API / Integration
character designer,animation,Animation / Multimedia
character designer,character design,Animation / Multimedia
character designer,drawing,Animation / Multimedia
character designer,illustration,Animation / Multimedia
chef inspec engineer,automation,DevOps / CI-CD
chef inspec engineer,chef inspec,DevOps / CI-CD
chef inspec engineer,cloud computing,Cloud / Infrastructure
chef inspec engineer,compliance as code,Security
chef inspec engineer,configuration management,IT Operations / Administration
chef inspec engineer,linux,Cloud / Infrastructure
chef inspec engineer,security,Security
chef operations engineer,automation,DevOps / CI-CD
chef operations engineer,aws,Cloud / Infrastructure
chef operations engineer,azure,Cloud / Infrastructure
chef operations engineer,chef,DevOps / CI-CD
chef operations engineer,cloud computing,Cloud / Infrastructure
chef operations engineer,configuration management,IT Operations / Administration
chef operations engineer,infrastructure as code,Cloud / Infrastructure
chef operations engineer,linux,Cloud / Infrastructure
chef operations engineer,ruby,Programming Language
chief information officer,budgeting,Finance / Business
chief information officer,it strategy,Business / Management
chief information officer,leadership,Business / Management
chief information officer,project management,Business / Management
chief information officer (cio),budgeting,Finance / Business
chief information officer (cio),it strategy,Business / Management
chief information officer (cio),leadership,Business / Management
chief information officer (cio),project management,Business / Management
chief technology officer (cto),innovation,Business / Management
chief technology officer (cto),research and development,Research / Analytics
chief technology officer (cto),team leadership,Business / Management
chief technology officer (cto),technology strategy,Business / Management
cloud administrator,automation,DevOps / CI-CD
cloud administrator,aws,Cloud / Infrastructure
cloud administrator,azure,Cloud / Infrastructure
cloud administrator,cloud computing,Cloud / Infrastructure
cloud administrator,gcp,Cloud / Infrastructure
cloud administrator,linux,Cloud / Infrastructure
cloud administrator,networking,Networking
cloud administrator,scripting,Programming Language
cloud administrator,security,Security
cloud administrator,virtualization,Cloud / Infrastructure
cloud architect,automation,DevOps / CI-CD
cloud architect,aws,Cloud / Infrastructure
cloud architect,azure,Cloud / Infrastructure
cloud architect,ci/cd,DevOps / CI-CD
cloud architect,cloud architecture,Cloud / Infrastructure
cloud architect,cloud security,Security
cloud architect,docker,Cloud / Infrastructure
cloud architect,gcp,Cloud / Infrastructure
cloud architect,kubernetes,Cloud / Infrastructure
cloud architect,microservices,DevOps / CI-CD
cloud architect,networking,Networking
cloud architect,terraform,Cloud / Infrastructure
cloud automation engineer,ansible,Cloud / Infrastructure
cloud automation engineer,automation,DevOps / CI-CD
cloud automation engineer,aws,Cloud / Infrastructure
cloud automation engineer,azure,Cloud / Infrastructure
cloud automation engineer,ci/cd,DevOps / CI-CD
cloud automation engineer,cloud computing,Cloud / Infrastructure
cloud automation engineer,gcp,Cloud / Infrastructure
cloud automation engineer,python,Programming Language
cloud automation engineer,scripting,Programming Language
cloud automation engineer,terraform,Cloud / Infrastructure
cloud computing specialist,cloud platforms,Cloud / Infrastructure
cloud computing specialist,security,Security
cloud computing specialist,system administration,IT Operations / Administration
cloud computing specialist,virtualization,Cloud / Infrastructure
cloud engineer,automation,DevOps / CI-CD
cloud engineer,aws,Cloud / Infrastructure
cloud engineer,azure,Cloud / Infrastructure
cloud engineer,cloud computing,Cloud / Infrastructure
cloud engineer,gcp,Cloud / Infrastructure
cloud engineer,linux,Cloud / Infrastructure
cloud engineer,networking,Networking
cloud engineer,scripting,Programming Language
cloud engineer,security,Security
cloud engineer,virtualization,Cloud / Infrastructure
cloud migration specialist,cloud platforms,Cloud / Infrastructure
cloud migration specialist,migration tools,Enterprise / Business Systems
cloud migration specialist,project management,Business / Management
cloud migration specialist,system migration,Enterprise / Business Systems
cloud network engineer,aws,Cloud / Infrastructure
cloud network engineer,azure,Cloud / Infrastructure
cloud network engineer,cloud networking,Cloud / Infrastructure
cloud network engineer,firewalls,Security
cloud network engineer,gcp,Cloud / Infrastructure
cloud network engineer,routing,Networking
cloud network engineer,security groups,Security
cloud network engineer,subnets,Networking
cloud network engineer,vpc,Cloud / Infrastructure
cloud security engineer,aws,Cloud / Infrastructure
cloud security engineer,azure,Cloud / Infrastructure
cloud security engineer,cloud security,Security
cloud security engineer,compliance,Compliance / Governance
cloud security engineer,encryption,Security
cloud security engineer,gcp,Cloud / Infrastructure
cloud security engineer,identity and access management,IT Operations / Administration
cloud security engineer,vulnerability management,Security
cloud system administrator,cloud platforms,Cloud / Infrastructure
cloud system administrator,networking,Networking
cloud system administrator,system administration,IT Operations / Administration
cloud system administrator,virtualization,Cloud / Infrastructure
cloud system engineer,automation,DevOps / CI-CD
cloud system engineer,cloud platforms,Cloud / Infrastructure
cloud system engineer,scripting,Programming Language
cloud system engineer,system engineering,Architecture / Design
cloud/software applications engineer,application development,Software Engineering
cloud/software applications engineer,cloud platforms,Cloud / Infrastructure
cloud/software applications engineer,cloud services,Cloud / Infrastructure
cloud/software applications engineer,devops,DevOps / CI-CD
cloud/software architect,cloud platforms,Cloud / Infrastructure
cloud/software architect,cloud security,Security
cloud/software architect,devops,DevOps / CI-CD
cloud/software architect,system architecture,Architecture / Design
cloud/software developer,cloud platforms,Cloud / Infrastructure
cloud/software developer,cloud services,Cloud / Infrastructure
cloud/software developer,programming languages,Software Engineering
cloud/software developer,software development,Software Engineering
cnc programmer,blueprints,Other / Review
cnc programmer,cad/cam,Hardware / Embedded
cnc programmer,cnc programming,Hardware / Embedded
cnc programmer,g-code,Hardware / Embedded
cnc programmer,machining,Hardware / Embedded
cnc programmer,manufacturing processes,Hardware / Embedded
cnc programmer,toolpath optimization,Hardware / Embedded
coder,algorithms,Software Engineering
coder,data structures,Data Engineering
coder,debugging,Software Engineering
coder,problem solving,Soft Skill
coder,programming,Software Engineering
coder,software development,Software Engineering
compositor,color correction,Animation / Multimedia
compositor,compositing,Animation / Multimedia
compositor,image manipulation,Animation / Multimedia
compositor,visual effects,Animation / Multimedia
computer and information research manager,budgeting,Finance / Business
computer and information research manager,project management,Business / Management
computer and information research manager,research management,Research / Analytics
computer and information research manager,team leadership,Business / Management
computer and information research scientist,data analysis,Data / AI
computer and information research scientist,programming,Software Engineering
computer and information research scientist,research methodologies,Research / Analytics
computer and information research scientist,scientific writing,Research / Analytics
computer forensic analyst,data recovery,Other / Review
computer forensic analyst,digital forensics,Security
computer forensic analyst,incident response,IT Operations / Administration
computer forensic analyst,legal compliance,Compliance / Governance
computer graphics animator,2d animation,Animation / Multimedia
computer graphics animator,3d animation,Animation / Multimedia
computer graphics animator,adobe creative suite,Design / UX
computer graphics animator,blender,Animation / Multimedia
computer graphics animator,maya,Design / UX
computer graphics animator,motion graphics,Animation / Multimedia
computer graphics animator,storyboarding,Animation / Multimedia
computer graphics animator,visual effects,Animation / Multimedia
computer hardware engineer,circuit design,Hardware / Embedded
computer hardware engineer,embedded systems,Hardware / Embedded
computer hardware engineer,hardware design,Hardware / Embedded
computer hardware engineer,microprocessors,Hardware / Embedded
computer hardware engineer,pcb design,Hardware / Embedded
computer hardware engineer,testing,Testing / QA
computer hardware engineer,validation,Testing / QA
computer network architect,cloud networking,Cloud / Infrastructure
computer network architect,firewalls,Security
computer network architect,lan/wan,Networking
computer network architect,network design,Networking
computer network architect,routing,Networking
computer network architect,security,Security
computer network architect,switching,Networking
computer network architect,tcp/ip,Networking
computer network architect,vpn,Networking
computer network specialist,networking,Networking
computer network specialist,security,Security
computer network specialist,system administration,IT Operations / Administration
computer network specialist,troubleshooting,IT Operations / Administration
computer programmer,algorithms,Software Engineering
computer programmer,c++,Programming Language
computer programmer,data structures,Data Engineering
computer programmer,debugging,Software Engineering
computer programmer,java,Programming Language
computer programmer,programming,Software Engineering
computer programmer,python,Programming Language
computer programmer,software development,Software Engineering
computer research scientist,algorithms,Software Engineering
computer research scientist,data analysis,Data / AI
computer research scientist,machine learning,Data / AI
computer research scientist,programming,Software Engineering
computer research scientist,publications,Research / Analytics
computer research scientist,research methods,Research / Analytics
computer research scientist,scientific writing,Research / Analytics
computer support specialist,customer service,Business / Management
computer support specialist,hardware/software,Hardware / Embedded
computer support specialist,technical support,IT Service Management
computer support specialist,troubleshooting,IT Operations / Administration
computer systems analyst,data analysis,Data / AI
computer systems analyst,process improvement,Business / Management
computer systems analyst,requirements gathering,Business / Management
computer systems analyst,sql,Database / Data Technology
computer systems analyst,stakeholder management,Business / Management
computer systems analyst,system analysis,Other / Review
computer systems analyst,uml,Architecture / Design
confluence engineer,atlassian suite,Enterprise / Business Systems
confluence engineer,collaboration,Soft Skill
confluence engineer,confluence,Enterprise / Business Systems
confluence engineer,documentation,IT Service Management
confluence engineer,user management,IT Operations / Administration
confluence engineer,workflow configuration,IT Service Management
consul engineer,automation,DevOps / CI-CD
consul engineer,cloud computing,Cloud / Infrastructure
consul engineer,configuration management,IT Operations / Administration
consul engineer,consul,Cloud / Infrastructure
consul engineer,networking,Networking
consul engineer,service discovery,API / Integration
coverage.py engineer,ci/cd,DevOps / CI-CD
coverage.py engineer,code coverage,Testing / QA
coverage.py engineer,coverage.py,Testing / QA
coverage.py engineer,python,Programming Language
coverage.py engineer,quality assurance,Testing / QA
coverage.py engineer,testing,Testing / QA
customer service representative,communication,Soft Skill
customer service representative,customer service,Business / Management
customer service representative,problem solving,Soft Skill
customer service representative,technical support,IT Service Management
cybersecurity analyst,compliance,Compliance / Governance
cybersecurity analyst,incident response,IT Operations / Administration
cybersecurity analyst,security protocols,Security
cybersecurity analyst,threat analysis,Security
cybersecurity engineer,incident response,IT Operations / Administration
cybersecurity engineer,risk management,Compliance / Governance
cybersecurity engineer,security protocols,Security
cybersecurity engineer,threat analysis,Security
cybersecurity specialist,compliance,Compliance / Governance
cybersecurity specialist,incident response,IT Operations / Administration
cybersecurity specialist,security protocols,Security
cybersecurity specialist,threat analysis,Security
data analyst,data cleansing,Data / AI
data analyst,data mining,Data / AI
data analyst,data modeling,Data / AI
data analyst,data visualization,Data / AI
data analyst,etl,Data Engineering
data analyst,excel,Data / AI
data analyst,power bi,Data / AI
data analyst,python,Programming Language
data analyst,r,Programming Language
data analyst,sql,Database / Data Technology
data analyst,statistics,Data / AI
data analyst,tableau,Data / AI
data analysts,data cleansing,Data / AI
data analysts,data mining,Data / AI
data analysts,data modeling,Data / AI
data analysts,data visualization,Data / AI
data analysts,etl,Data Engineering
data analysts,excel,Data / AI
data analysts,power bi,Data / AI
data analysts,python,Programming Language
data analysts,r,Programming Language
data analysts,sql,Database / Data Technology
data analysts,statistics,Data / AI
data analysts,tableau,Data / AI
data architect,aws,Cloud / Infrastructure
data architect,azure,Cloud / Infrastructure
data architect,cloud computing,Cloud / Infrastructure
data architect,data governance,Data / AI
data architect,data integration,Other / Review
data architect,data modeling,Data / AI
data architect,data security,Data / AI
data architect,data warehousing,Data / AI
data architect,etl,Data Engineering
data architect,nosql,Database / Data Technology
data architect,sql,Database / Data Technology
data engineer,cloud computing,Cloud / Infrastructure
data engineer,data modeling,Data / AI
data engineer,data pipelines,Data / AI
data engineer,data warehousing,Data / AI
data engineer,etl,Data Engineering
data engineer,hadoop,Data / AI
data engineer,python,Programming Language
data engineer,spark,Data / AI
data engineer,sql,Database / Data Technology
data modeler,data governance,Data / AI
data modeler,data modeling,Data / AI
data modeler,data warehousing,Data / AI
data modeler,database design,Database / Data Technology
data modeler,er diagrams,Database / Data Technology
data modeler,sql,Database / Data Technology
data quality engineer,data governance,Data / AI
data quality engineer,data profiling,Other / Review
data quality engineer,data quality tools,Other / Review
data quality engineer,sql,Database / Data Technology
data science specialist,data analysis,Data / AI
data science specialist,data visualization,Data / AI
data science specialist,machine learning,Data / AI
data science specialist,statistical modeling,Data / AI
data scientist,cloud computing,Cloud / Infrastructure
data scientist,data science,Data / AI
data scientist,data visualization,Data / AI
data scientist,data wrangling,Data / AI
data scientist,hadoop,Data / AI
data scientist,machine learning,Data / AI
data scientist,python,Programming Language
data scientist,r,Programming Language
data scientist,spark,Data / AI
data scientist,sql,Database / Data Technology
data scientist,statistics,Data / AI
data warehouse manager,data modeling,Data / AI
data warehouse manager,data warehousing,Data / AI
data warehouse manager,etl processes,Data Engineering
data warehouse manager,team leadership,Business / Management
data warehouse programming specialist,data modeling,Data / AI
data warehouse programming specialist,data warehousing,Data / AI
data warehouse programming specialist,etl processes,Data Engineering
data warehouse programming specialist,sql,Database / Data Technology
database administrator,backup and recovery,IT Operations / Administration
database administrator,database design,Database / Data Technology
database administrator,database management,Database / Data Technology
database administrator,mysql,Database / Data Technology
database administrator,oracle,Database / Data Technology
database administrator,performance tuning,AI / Advanced Analytics
database administrator,postgresql,Database / Data Technology
database administrator,sql,Database / Data Technology
database analyst,data analysis,Data / AI
database analyst,data modeling,Data / AI
database analyst,reporting,Data / AI
database analyst,sql,Database / Data Technology
database architect,data modeling,Data / AI
database architect,database design,Database / Data Technology
database architect,performance tuning,AI / Advanced Analytics
database architect,sql,Database / Data Technology
database developer,data modeling,Data / AI
database developer,database development,Database / Data Technology
database developer,pl/sql,Database / Data Technology
database developer,sql,Database / Data Technology
datadog engineer,alerting,Monitoring / Observability
datadog engineer,cloud computing,Cloud / Infrastructure
datadog engineer,dashboards,Data / AI
datadog engineer,datadog,Monitoring / Observability
datadog engineer,linux,Cloud / Infrastructure
datadog engineer,metrics,Data / AI
datadog engineer,monitoring,Monitoring / Observability
datadog engineer,troubleshooting,IT Operations / Administration
developer,algorithms,Software Engineering
developer,c++,Programming Language
developer,data structures,Data Engineering
developer,debugging,Software Engineering
developer,java,Programming Language
developer,programming,Software Engineering
developer,python,Programming Language
developer,software development,Software Engineering
devops architect,ansible,Cloud / Infrastructure
devops architect,automation,DevOps / CI-CD
devops architect,aws,Cloud / Infrastructure
devops architect,azure,Cloud / Infrastructure
devops architect,ci/cd,DevOps / CI-CD
devops architect,cloud computing,Cloud / Infrastructure
devops architect,docker,Cloud / Infrastructure
devops architect,gcp,Cloud / Infrastructure
devops architect,kubernetes,Cloud / Infrastructure
devops architect,networking,Networking
devops architect,security,Security
devops architect,terraform,Cloud / Infrastructure
devops engineer,ansible,Cloud / Infrastructure
devops engineer,automation,DevOps / CI-CD
devops engineer,aws,Cloud / Infrastructure
devops engineer,azure,Cloud / Infrastructure
devops engineer,ci/cd,DevOps / CI-CD
devops engineer,cloud computing,Cloud / Infrastructure
devops engineer,docker,Cloud / Infrastructure
devops engineer,git,DevOps / CI-CD
devops engineer,jenkins,DevOps / CI-CD
devops engineer,kubernetes,Cloud / Infrastructure
devops engineer,linux,Cloud / Infrastructure
devops engineer,networking,Networking
devops engineer,python,Programming Language
devops engineer,scripting,Programming Language
devops engineer,terraform,Cloud / Infrastructure
devops manager,automation,DevOps / CI-CD
devops manager,budgeting,Finance / Business
devops manager,ci/cd,DevOps / CI-CD
devops manager,cloud computing,Cloud / Infrastructure
devops manager,communication,Soft Skill
devops manager,devops,DevOps / CI-CD
devops manager,leadership,Business / Management
devops manager,project management,Business / Management
devops manager,team management,Business / Management
devsecops architect,ansible,Cloud / Infrastructure
devsecops architect,ci/cd,DevOps / CI-CD
devsecops architect,cloud security,Security
devsecops architect,devsecops,DevOps / CI-CD
devsecops architect,docker,Cloud / Infrastructure
devsecops architect,kubernetes,Cloud / Infrastructure
devsecops architect,security automation,Security
devsecops architect,terraform,Cloud / Infrastructure
devsecops architect,vulnerability management,Security
devsecops engineer,aws,Cloud / Infrastructure
devsecops engineer,ci/cd,DevOps / CI-CD
devsecops engineer,cloud security,Security
devsecops engineer,continuous security,Security
devsecops engineer,devsecops,DevOps / CI-CD
devsecops engineer,docker,Cloud / Infrastructure
devsecops engineer,kubernetes,Cloud / Infrastructure
devsecops engineer,penetration testing,Security
devsecops engineer,terraform,Cloud / Infrastructure
devsecops engineer,vulnerability scanning,Security
digital program manager,communication,Soft Skill
digital program manager,digital strategy,Business / Management
digital program manager,program management,Business / Management
digital program manager,team leadership,Business / Management
digital transformation consultant,business process improvement,Business / Management
digital transformation consultant,change management,Business / Management
digital transformation consultant,digital strategy,Business / Management
digital transformation consultant,technology consulting,Business / Management
director business systems,business systems,Business / Management
director business systems,process improvement,Business / Management
director business systems,project management,Business / Management
director business systems,team leadership,Business / Management
director hardware,budgeting,Finance / Business
director hardware,hardware management,Hardware / Embedded
director hardware,strategic planning,Business / Management
director hardware,team leadership,Business / Management
director of engineering,agile methodologies,Business / Management
director of engineering,budgeting,Finance / Business
director of engineering,communication,Soft Skill
director of engineering,leadership,Business / Management
director of engineering,project management,Business / Management
director of engineering,software development,Software Engineering
director of engineering,team management,Business / Management
director of security,compliance,Compliance / Governance
director of security,incident response,IT Operations / Administration
director of security,risk management,Compliance / Governance
director of security,security leadership,Security
director oracle,budgeting,Finance / Business
director oracle,oracle database,Database / Data Technology
director oracle,project management,Business / Management
director oracle,team leadership,Business / Management
docker engineer,automation,DevOps / CI-CD
docker engineer,ci/cd,DevOps / CI-CD
docker engineer,cloud computing,Cloud / Infrastructure
docker engineer,containerization,DevOps / CI-CD
docker engineer,docker,Cloud / Infrastructure
docker engineer,kubernetes,Cloud / Infrastructure
docker engineer,linux,Cloud / Infrastructure
docker engineer,networking,Networking
e-commerce developer,e-commerce platforms,Enterprise / Business Systems
e-commerce developer,payment gateways,Enterprise / Business Systems
e-commerce developer,security,Security
e-commerce developer,web development,Web Development
effects technical director (fx td),problem solving,Soft Skill
effects technical director (fx td),scripting,Programming Language
effects technical director (fx td),technical expertise,IT Service Management
effects technical director (fx td),visual effects,Animation / Multimedia
elk engineer,aws,Cloud / Infrastructure
elk engineer,azure,Cloud / Infrastructure
elk engineer,data visualization,Data / AI
elk engineer,elasticsearch,Data / AI
elk engineer,kibana,Monitoring / Observability
elk engineer,linux,Cloud / Infrastructure
elk engineer,log management,Monitoring / Observability
elk engineer,logstash,Monitoring / Observability
elk engineer,networking,Networking
elk engineer,security,Security
embedded software engineer,communication protocols,Networking
embedded software engineer,embedded c,Hardware / Embedded
embedded software engineer,firmware development,Hardware / Embedded
embedded software engineer,hardware design,Hardware / Embedded
embedded software engineer,microcontrollers,Hardware / Embedded
embedded software engineer,rtos,Robotics / Control Systems
embedded software engineer,testing,Testing / QA
embedded systems engineer,c/c++,Programming Language
embedded systems engineer,embedded systems,Hardware / Embedded
embedded systems engineer,firmware development,Hardware / Embedded
embedded systems engineer,hardware interfaces,Hardware / Embedded
entry level developer,algorithms,Software Engineering
entry level developer,css,Web Development
entry level developer,data structures,Data Engineering
entry level developer,git,DevOps / CI-CD
entry level developer,html,Web Development
entry level developer,java,Programming Language
entry level developer,javascript,Programming Language
entry level developer,python,Programming Language
entry level developer,sql,Database / Data Technology
entry level network engineer,linux,Cloud / Infrastructure
entry level network engineer,networking,Networking
entry level network engineer,routing,Networking
entry level network engineer,switching,Networking
entry level network engineer,tcp/ip,Networking
entry level network engineer,troubleshooting,IT Operations / Administration
entry level network engineer,windows server,IT Operations / Administration
entry level programmer,algorithms,Software Engineering
entry level programmer,c++,Programming Language
entry level programmer,data structures,Data Engineering
entry level programmer,debugging,Software Engineering
entry level programmer,java,Programming Language
entry level programmer,programming,Software Engineering
entry level programmer,python,Programming Language
entry level software developer,algorithms,Software Engineering
entry level software developer,css,Web Development
entry level software developer,data structures,Data Engineering
entry level software developer,git,DevOps / CI-CD
entry level software developer,html,Web Development
entry level software developer,java,Programming Language
entry level software developer,javascript,Programming Language
entry level software developer,python,Programming Language
entry level software developer,sql,Database / Data Technology
entry level software engineer,algorithms,Software Engineering
entry level software engineer,css,Web Development
entry level software engineer,data structures,Data Engineering
entry level software engineer,git,DevOps / CI-CD
entry level software engineer,html,Web Development
entry level software engineer,java,Programming Language
entry level software engineer,javascript,Programming Language
entry level software engineer,python,Programming Language
entry level software engineer,sql,Database / Data Technology
entry level web developer,css,Web Development
entry level web developer,git,DevOps / CI-CD
entry level web developer,html,Web Development
entry level web developer,javascript,Programming Language
entry level web developer,ui/ux basics,Design / UX
entry level web developer,web development fundamentals,Web Development
envoy engineer,cloud computing,Cloud / Infrastructure
envoy engineer,docker,Cloud / Infrastructure
envoy engineer,envoy,DevOps / CI-CD
envoy engineer,kubernetes,Cloud / Infrastructure
envoy engineer,networking,Networking
envoy engineer,security,Security
envoy engineer,service mesh,API / Integration
envoy engineer,traffic management,Other / Review
erp consultant,business process analysis,Business / Management
erp consultant,erp systems,Enterprise / Business Systems
erp consultant,implementation,Other / Review
erp consultant,training,Business / Management
falco engineer,cloud computing,Cloud / Infrastructure
falco engineer,docker,Cloud / Infrastructure
falco engineer,falco,Security
falco engineer,kubernetes,Cloud / Infrastructure
falco engineer,security,Security
falco engineer,system monitoring,Monitoring / Observability
falco engineer,threat detection,Security
firmware manager,embedded systems,Hardware / Embedded
firmware manager,firmware development,Hardware / Embedded
firmware manager,project management,Business / Management
firmware manager,team leadership,Business / Management
fluentd engineer,cloud computing,Cloud / Infrastructure
fluentd engineer,data collection,Other / Review
fluentd engineer,data processing,Data / AI
fluentd engineer,elasticsearch,Data / AI
fluentd engineer,fluentd,Monitoring / Observability
fluentd engineer,kibana,Monitoring / Observability
fluentd engineer,log management,Monitoring / Observability
forensic animator,3d modeling,Animation / Multimedia
forensic animator,forensic animation,Animation / Multimedia
forensic animator,legal expertise,Compliance / Governance
forensic animator,visual communication,Design / UX
fortify engineer,.net,Framework / Library
fortify engineer,fortify,Security
fortify engineer,java,Programming Language
fortify engineer,security,Security
fortify engineer,software development,Software Engineering
fortify engineer,static code analysis,Software Engineering
fortify engineer,vulnerability management,Security
frameworks specialist,angular,Framework / Library
frameworks specialist,django,Framework / Library
frameworks specialist,framework development,Software Engineering
frameworks specialist,java,Programming Language
frameworks specialist,javascript,Programming Language
frameworks specialist,python,Programming Language
frameworks specialist,react,Framework / Library
frameworks specialist,spring framework,Framework / Library
frameworks specialist,vue.js,Framework / Library
front end developer,angular,Framework / Library
front end developer,css,Web Development
front end developer,html,Web Development
front end developer,javascript,Programming Language
front end developer,node,Framework / Library
front end developer,react,Framework / Library
front end developer,sass,Framework / Library
front end developer,typescript,Programming Language
front end developer,ui/ux design,Design / UX
front end developer,vue.js,Framework / Library
front end web developer,angular,Framework / Library
front end web developer,css,Web Development
front end web developer,html,Web Development
front end web developer,javascript,Programming Language
front end web developer,node,Framework / Library
front end web developer,react,Framework / Library
front end web developer,sass,Framework / Library
front end web developer,typescript,Programming Language
front end web developer,ui/ux design,Design / UX
front end web developer,vue.js,Framework / Library
front-end designer,css,Web Development
front-end designer,html,Web Development
front-end designer,javascript,Programming Language
front-end designer,responsive design,Design / UX
front-end designer,ui/ux design,Design / UX
full stack developer,angular,Framework / Library
full stack developer,ci/cd,DevOps / CI-CD
full stack developer,css,Web Development
full stack developer,devops,DevOps / CI-CD
full stack developer,django,Framework / Library
full stack developer,express.js,Framework / Library
full stack developer,html,Web Development
full stack developer,javascript,Programming Language
full stack developer,mongodb,Database / Data Technology
full stack developer,node,Framework / Library
full stack developer,python,Programming Language
full stack developer,react,Framework / Library
full stack developer,sql,Database / Data Technology
full stack java developer/programmer/engineer,cloud computing,Cloud / Infrastructure
full stack java developer/programmer/engineer,css,Web Development
full stack java developer/programmer/engineer,git,DevOps / CI-CD
full stack java developer/programmer/engineer,hibernate,Framework / Library
full stack java developer/programmer/engineer,html,Web Development
full stack java developer/programmer/engineer,j2ee,Mainframe / Legacy Systems
full stack java developer/programmer/engineer,java,Programming Language
full stack java developer/programmer/engineer,javascript,Programming Language
full stack java developer/programmer/engineer,jenkins,DevOps / CI-CD
full stack java developer/programmer/engineer,junit,Testing / QA
full stack java developer/programmer/engineer,maven,DevOps / CI-CD
full stack java developer/programmer/engineer,microservices,DevOps / CI-CD
full stack java developer/programmer/engineer,react,Framework / Library
full stack java developer/programmer/engineer,rest apis,API / Integration
full stack java developer/programmer/engineer,spring framework,Framework / Library
full stack java developer/programmer/engineer,sql,Database / Data Technology
full stack python developer/programmer/engineer,algorithms,Software Engineering
full stack python developer/programmer/engineer,cloud computing,Cloud / Infrastructure
full stack python developer/programmer/engineer,css,Web Development
full stack python developer/programmer/engineer,data structures,Data Engineering
full stack python developer/programmer/engineer,django,Framework / Library
full stack python developer/programmer/engineer,docker,Cloud / Infrastructure
full stack python developer/programmer/engineer,flask,Framework / Library
full stack python developer/programmer/engineer,git,DevOps / CI-CD
full stack python developer/programmer/engineer,html,Web Development
full stack python developer/programmer/engineer,javascript,Programming Language
full stack python developer/programmer/engineer,linux,Cloud / Infrastructure
full stack python developer/programmer/engineer,python,Programming Language
full stack python developer/programmer/engineer,react,Framework / Library
full stack python developer/programmer/engineer,rest apis,API / Integration
full stack python developer/programmer/engineer,sql,Database / Data Technology
game developer,c#,Programming Language
game developer,c++,Programming Language
game developer,game design,Animation / Multimedia
game developer,game engines,Game Development
game developer,javascript,Programming Language
game developer,unity,Game Development
game developer,unreal engine,Game Development
game developer,vr development,Game Development
gcp devops engineer,ansible,Cloud / Infrastructure
gcp devops engineer,automation,DevOps / CI-CD
gcp devops engineer,ci/cd,DevOps / CI-CD
gcp devops engineer,devops,DevOps / CI-CD
gcp devops engineer,docker,Cloud / Infrastructure
gcp devops engineer,gcp,Cloud / Infrastructure
gcp devops engineer,kubernetes,Cloud / Infrastructure
gcp devops engineer,linux,Cloud / Infrastructure
gcp devops engineer,scripting,Programming Language
gcp devops engineer,terraform,Cloud / Infrastructure
geographic information systems (gis) analyst,cartography,GIS / Geospatial
geographic information systems (gis) analyst,data visualization,Data / AI
geographic information systems (gis) analyst,gis software,GIS / Geospatial
geographic information systems (gis) analyst,spatial analysis,GIS / Geospatial
gerrit administrator,automation,DevOps / CI-CD
gerrit administrator,code review,Software Engineering
gerrit administrator,gerrit,DevOps / CI-CD
gerrit administrator,git,DevOps / CI-CD
gerrit administrator,linux,Cloud / Infrastructure
gerrit administrator,scripting,Programming Language
gerrit administrator,version control,DevOps / CI-CD
gerrit engineer,automation,DevOps / CI-CD
gerrit engineer,code review,Software Engineering
gerrit engineer,gerrit,DevOps / CI-CD
gerrit engineer,git,DevOps / CI-CD
gerrit engineer,linux,Cloud / Infrastructure
gerrit engineer,scripting,Programming Language
gerrit engineer,version control,DevOps / CI-CD
git engineer,automation,DevOps / CI-CD
git engineer,branching strategies,DevOps / CI-CD
git engineer,ci/cd,DevOps / CI-CD
git engineer,code review,Software Engineering
git engineer,git,DevOps / CI-CD
git engineer,scripting,Programming Language
git engineer,version control,DevOps / CI-CD
github engineer,automation,DevOps / CI-CD
github engineer,ci/cd,DevOps / CI-CD
github engineer,git,DevOps / CI-CD
github engineer,github,DevOps / CI-CD
github engineer,github actions,DevOps / CI-CD
github engineer,scripting,Programming Language
github engineer,version control,DevOps / CI-CD
gitlab engineer,automation,DevOps / CI-CD
gitlab engineer,ci/cd,DevOps / CI-CD
gitlab engineer,git,DevOps / CI-CD
gitlab engineer,gitlab,DevOps / CI-CD
gitlab engineer,gitlab ci,DevOps / CI-CD
gitlab engineer,scripting,Programming Language
gitlab engineer,version control,DevOps / CI-CD
gradle engineer,build automation,DevOps / CI-CD
gradle engineer,ci/cd,DevOps / CI-CD
gradle engineer,git,DevOps / CI-CD
gradle engineer,gradle,DevOps / CI-CD
gradle engineer,groovy,Programming Language
gradle engineer,java,Programming Language
gradle engineer,version control,DevOps / CI-CD
grafana engineer,alerting,Monitoring / Observability
grafana engineer,cloud computing,Cloud / Infrastructure
grafana engineer,dashboards,Data / AI
grafana engineer,data visualization,Data / AI
grafana engineer,grafana,Monitoring / Observability
grafana engineer,linux,Cloud / Infrastructure
grafana engineer,metrics,Data / AI
grafana engineer,monitoring,Monitoring / Observability
graphic effects supervisor,project management,Business / Management
graphic effects supervisor,team leadership,Business / Management
graphic effects supervisor,technical expertise,IT Service Management
graphic effects supervisor,visual effects supervision,Animation / Multimedia
groovy engineer,automation,DevOps / CI-CD
groovy engineer,build automation,DevOps / CI-CD
groovy engineer,groovy,Programming Language
groovy engineer,java,Programming Language
groovy engineer,jenkins,DevOps / CI-CD
groovy engineer,scripting,Programming Language
help desk technician,customer service,Business / Management
help desk technician,hardware/software,Hardware / Embedded
help desk technician,technical support,IT Service Management
help desk technician,troubleshooting,IT Operations / Administration
identity and access management specialist,authentication,Security
identity and access management specialist,authorization,Security
identity and access management specialist,iam systems,IT Operations / Administration
identity and access management specialist,security protocols,Security
implementation director,communication,Soft Skill
implementation director,implementation management,IT Service Management
implementation director,project management,Business / Management
implementation director,team leadership,Business / Management
information architect,content strategy,Marketing / SEO
information architect,information architecture,Design / UX
information architect,prototyping,Design / UX
information architect,ui/ux design,Design / UX
information architect,user research,Design / UX
information architect,wireframing,Design / UX
information management systems director,compliance,Compliance / Governance
information management systems director,data management,Other / Review
information management systems director,information management,IT Operations / Administration
information management systems director,systems administration,IT Operations / Administration
information security analyst,firewalls,Security
information security analyst,ids/ips,Security
information security analyst,network security,Security
information security analyst,penetration testing,Security
information security analyst,security,Security
information security analyst,security auditing,Security
information security analyst,vulnerability management,Security
information technology analyst,it analysis,Other / Review
information technology analyst,it consulting,Business / Management
information technology analyst,process improvement,Business / Management
information technology analyst,requirements gathering,Business / Management
infosec analyst/cybersecurity analyst,compliance,Compliance / Governance
infosec analyst/cybersecurity analyst,incident response,IT Operations / Administration
infosec analyst/cybersecurity analyst,security protocols,Security
infosec analyst/cybersecurity analyst,threat analysis,Security
infrastructure architect,cloud computing,Cloud / Infrastructure
infrastructure architect,networking,Networking
infrastructure architect,security,Security
infrastructure architect,system architecture,Architecture / Design
integration director,communication,Soft Skill
integration director,integration management,API / Integration
integration director,project management,Business / Management
integration director,team leadership,Business / Management
intelligence specialist,data analysis,Data / AI
intelligence specialist,intelligence gathering,Research / Analytics
intelligence specialist,reporting,Data / AI
intelligence specialist,security,Security
interaction designer,interaction design,Design / UX
interaction designer,prototyping,Design / UX
interaction designer,ui/ux design,Design / UX
interaction designer,usability testing,Design / UX
interaction designer,user research,Design / UX
interaction designer,wireframing,Design / UX
internet engineer,internet technologies,Other / Review
internet engineer,networking protocols,Networking
internet engineer,security,Security
internet engineer,system administration,IT Operations / Administration
internet of things (iot) developer,embedded systems,Hardware / Embedded
internet of things (iot) developer,iot platforms,Robotics / Control Systems
internet of things (iot) developer,programming languages,Software Engineering
internet of things (iot) developer,sensor technology,Hardware / Embedded
ios developer,ios sdk,Mobile Development
ios developer,mobile development,Mobile Development
ios developer,objective-c,Programming Language
ios developer,rest apis,API / Integration
ios developer,sql,Database / Data Technology
ios developer,swift,Programming Language
ios developer,ui/ux design,Design / UX
ios developer,xcode,Mobile Development
istio engineer,cloud computing,Cloud / Infrastructure
istio engineer,docker,Cloud / Infrastructure
istio engineer,istio,DevOps / CI-CD
istio engineer,kubernetes,Cloud / Infrastructure
istio engineer,networking,Networking
istio engineer,security,Security
istio engineer,service mesh,API / Integration
istio engineer,traffic management,Other / Review
it apprentice,customer service,Business / Management
it apprentice,learning agility,Soft Skill
it apprentice,technical support,IT Service Management
it apprentice,troubleshooting,IT Operations / Administration
it auditor,compliance,Compliance / Governance
it auditor,it auditing,Compliance / Governance
it auditor,risk management,Compliance / Governance
it auditor,security,Security
it director,budgeting,Finance / Business
it director,it management,Business / Management
it director,project management,Business / Management
it director,team leadership,Business / Management
it engineer,cloud computing,Cloud / Infrastructure
it engineer,networking,Networking
it engineer,security,Security
it engineer,system engineering,Architecture / Design
it manager,agile methodologies,Business / Management
it manager,budgeting,Finance / Business
it manager,cloud computing,Cloud / Infrastructure
it manager,cybersecurity,Security
it manager,it infrastructure,Other / Review
it manager,networking,Networking
it manager,project management,Business / Management
it manager,team leadership,Business / Management
it program engagement director,customer relationship management,Business / Management
it program engagement director,it program management,Business / Management
it program engagement director,stakeholder management,Business / Management
it program engagement director,team leadership,Business / Management
it sales director,customer relationship management,Business / Management
it sales director,sales leadership,Finance / Business
it sales director,sales strategy,Finance / Business
it sales director,team management,Business / Management
it sales executive,customer relationship management,Business / Management
it sales executive,sales,Finance / Business
it sales executive,sales strategy,Finance / Business
it sales executive,technology solutions,Business / Management
it security specialist,compliance,Compliance / Governance
it security specialist,risk management,Compliance / Governance
it security specialist,security protocols,Security
it security specialist,threat analysis,Security
it support specialist,customer service,Business / Management
it support specialist,hardware/software,Hardware / Embedded
it support specialist,technical support,IT Service Management
it support specialist,troubleshooting,IT Operations / Administration
it systems administrator,linux/windows servers,IT Operations / Administration
it systems administrator,scripting,Programming Language
it systems administrator,system administration,IT Operations / Administration
it systems administrator,troubleshooting,IT Operations / Administration
it technician,hardware/software,Hardware / Embedded
it technician,networking,Networking
it technician,technical support,IT Service Management
it technician,troubleshooting,IT Operations / Administration
iteration manager,agile methodologies,Business / Management
iteration manager,kanban,Business / Management
iteration manager,scrum,Business / Management
iteration manager,team facilitation,Business / Management
jacoco engineer,ci/cd,DevOps / CI-CD
jacoco engineer,code coverage,Testing / QA
jacoco engineer,jacoco,Testing / QA
jacoco engineer,java,Programming Language
jacoco engineer,quality assurance,Testing / QA
jacoco engineer,testing,Testing / QA
java architect,cloud computing,Cloud / Infrastructure
java architect,design patterns,Architecture / Design
java architect,java,Programming Language
java architect,system architecture,Architecture / Design
java developer,cloud computing,Cloud / Infrastructure
java developer,git,DevOps / CI-CD
java developer,hibernate,Framework / Library
java developer,j2ee,Mainframe / Legacy Systems
java developer,java,Programming Language
java developer,jenkins,DevOps / CI-CD
java developer,junit,Testing / QA
java developer,maven,DevOps / CI-CD
java developer,microservices,DevOps / CI-CD
java developer,rest apis,API / Integration
java developer,spring framework,Framework / Library
java developer,sql,Database / Data Technology
javascript developer,angular,Framework / Library
javascript developer,css,Web Development
javascript developer,html,Web Development
javascript developer,javascript,Programming Language
javascript developer,node,Framework / Library
javascript developer,react,Framework / Library
javascript developer,sass,Framework / Library
javascript developer,typescript,Programming Language
javascript developer,ui/ux design,Design / UX
javascript developer,vue.js,Framework / Library
jenkins engineer,automation,DevOps / CI-CD
jenkins engineer,build automation,DevOps / CI-CD
jenkins engineer,ci/cd,DevOps / CI-CD
jenkins engineer,docker,Cloud / Infrastructure
jenkins engineer,groovy,Programming Language
jenkins engineer,jenkins,DevOps / CI-CD
jenkins engineer,kubernetes,Cloud / Infrastructure
jenkins engineer,linux,Cloud / Infrastructure
jenkins engineer,scripting,Programming Language
jenkins engineer,version control,DevOps / CI-CD
jira administrator,agile methodologies,Business / Management
jira administrator,atlassian suite,Enterprise / Business Systems
jira administrator,jira,Enterprise / Business Systems
jira administrator,project management,Business / Management
jira administrator,user management,IT Operations / Administration
jira administrator,workflow configuration,IT Service Management
jira engineer,agile methodologies,Business / Management
jira engineer,atlassian suite,Enterprise / Business Systems
jira engineer,jira,Enterprise / Business Systems
jira engineer,project management,Business / Management
jira engineer,user management,IT Operations / Administration
jira engineer,workflow configuration,IT Service Management
jr developer,algorithms,Software Engineering
jr developer,css,Web Development
jr developer,data structures,Data Engineering
jr developer,git,DevOps / CI-CD
jr developer,html,Web Development
jr developer,java,Programming Language
jr developer,javascript,Programming Language
jr developer,python,Programming Language
jr developer,sql,Database / Data Technology
junior developer,algorithms,Software Engineering
junior developer,css,Web Development
junior developer,data structures,Data Engineering
junior developer,git,DevOps / CI-CD
junior developer,html,Web Development
junior developer,java,Programming Language
junior developer,javascript,Programming Language
junior developer,python,Programming Language
junior developer,sql,Database / Data Technology
junior front end developer,css,Web Development
junior front end developer,git,DevOps / CI-CD
junior front end developer,html,Web Development
junior front end developer,javascript,Programming Language
junior front end developer,react,Framework / Library
junior front end developer,ui/ux basics,Design / UX
junior front end developer,vue.js,Framework / Library
junior ios developer,git,DevOps / CI-CD
junior ios developer,ios sdk,Mobile Development
junior ios developer,objective-c,Programming Language
junior ios developer,swift,Programming Language
junior ios developer,ui/ux basics,Design / UX
junior ios developer,xcode,Mobile Development
junior software developer,algorithms,Software Engineering
junior software developer,css,Web Development
junior software developer,data structures,Data Engineering
junior software developer,git,DevOps / CI-CD
junior software developer,html,Web Development
junior software developer,java,Programming Language
junior software developer,javascript,Programming Language
junior software developer,python,Programming Language
junior software developer,sql,Database / Data Technology
junior software engineer,algorithms,Software Engineering
junior software engineer,css,Web Development
junior software engineer,data structures,Data Engineering
junior software engineer,git,DevOps / CI-CD
junior software engineer,html,Web Development
junior software engineer,java,Programming Language
junior software engineer,javascript,Programming Language
junior software engineer,python,Programming Language
junior software engineer,sql,Database / Data Technology
junior web developer,css,Web Development
junior web developer,git,DevOps / CI-CD
junior web developer,html,Web Development
junior web developer,javascript,Programming Language
junior web developer,ui/ux basics,Design / UX
junior web developer,web development fundamentals,Web Development
junit engineer,ci/cd,DevOps / CI-CD
junit engineer,java,Programming Language
junit engineer,junit,Testing / QA
junit engineer,test automation,Testing / QA
junit engineer,testing,Testing / QA
junit engineer,unit testing,Testing / QA
knowledge manager,collaboration,Soft Skill
knowledge manager,documentation,IT Service Management
knowledge manager,information architecture,Design / UX
knowledge manager,knowledge management,Other / Review
kubernetes administrator,automation,DevOps / CI-CD
kubernetes administrator,aws,Cloud / Infrastructure
kubernetes administrator,azure,Cloud / Infrastructure
kubernetes administrator,ci/cd,DevOps / CI-CD
kubernetes administrator,cloud computing,Cloud / Infrastructure
kubernetes administrator,docker,Cloud / Infrastructure
kubernetes administrator,kubernetes,Cloud / Infrastructure
kubernetes administrator,linux,Cloud / Infrastructure
kubernetes administrator,networking,Networking
kubernetes administrator,security,Security
kubernetes engineer,automation,DevOps / CI-CD
kubernetes engineer,aws,Cloud / Infrastructure
kubernetes engineer,azure,Cloud / Infrastructure
kubernetes engineer,ci/cd,DevOps / CI-CD
kubernetes engineer,cloud computing,Cloud / Infrastructure
kubernetes engineer,docker,Cloud / Infrastructure
kubernetes engineer,kubernetes,Cloud / Infrastructure
kubernetes engineer,linux,Cloud / Infrastructure
kubernetes engineer,networking,Networking
kubernetes engineer,security,Security
kubernetes operations engineer,automation,DevOps / CI-CD
kubernetes operations engineer,aws,Cloud / Infrastructure
kubernetes operations engineer,azure,Cloud / Infrastructure
kubernetes operations engineer,ci/cd,DevOps / CI-CD
kubernetes operations engineer,cloud computing,Cloud / Infrastructure
kubernetes operations engineer,docker,Cloud / Infrastructure
kubernetes operations engineer,kubernetes,Cloud / Infrastructure
kubernetes operations engineer,linux,Cloud / Infrastructure
kubernetes operations engineer,networking,Networking
kubernetes operations engineer,security,Security
layout artist,3d modeling,Animation / Multimedia
layout artist,cinematography,Animation / Multimedia
layout artist,layout,Animation / Multimedia
layout artist,visual storytelling,Design / UX
lead programmer,mentoring,Soft Skill
lead programmer,programming languages,Software Engineering
lead programmer,software development,Software Engineering
lead programmer,team leadership,Business / Management
linux administrator,linux servers,IT Operations / Administration
linux administrator,scripting,Programming Language
linux administrator,system administration,IT Operations / Administration
linux administrator,troubleshooting,IT Operations / Administration
machine learning architect,aws,Cloud / Infrastructure
machine learning architect,azure,Cloud / Infrastructure
machine learning architect,cloud computing,Cloud / Infrastructure
machine learning architect,data science,Data / AI
machine learning architect,deep learning,Data / AI
machine learning architect,machine learning,Data / AI
machine learning architect,model deployment,Data / AI
machine learning architect,scalability,Software Engineering
machine learning architect,security,Security
machine learning architect,system design,Architecture / Design
machine learning engineer,algorithms,Software Engineering
machine learning engineer,computer vision,Data / AI
machine learning engineer,data analysis,Data / AI
machine learning engineer,data science,Data / AI
machine learning engineer,deep learning,Data / AI
machine learning engineer,keras,Framework / Library
machine learning engineer,machine learning,Data / AI
machine learning engineer,natural language processing,Data / AI
machine learning engineer,python,Programming Language
machine learning engineer,pytorch,Framework / Library
machine learning engineer,tensorflow,Framework / Library
machine learning engineer for cybersecurity,cybersecurity,Security
machine learning engineer for cybersecurity,data analysis,Data / AI
machine learning engineer for cybersecurity,machine learning algorithms,Data / AI
machine learning engineer for cybersecurity,threat detection,Security
mainframe developer,cobol,Programming Language
mainframe developer,jcl,Mainframe / Legacy Systems
mainframe developer,mainframe systems,Mainframe / Legacy Systems
mainframe developer,vsam,Mainframe / Legacy Systems
manager hardware,budgeting,Finance / Business
manager hardware,hardware management,Hardware / Embedded
manager hardware,inventory management,Finance / Business
manager hardware,team leadership,Business / Management
manager linux,linux administration,IT Operations / Administration
manager linux,project management,Business / Management
manager linux,team leadership,Business / Management
manager linux,troubleshooting,IT Operations / Administration
manager net,.net framework,Framework / Library
manager net,net development,Other / Review
manager net,project management,Business / Management
manager net,team leadership,Business / Management
manager php,php development,Programming Language
manager php,project management,Business / Management
manager php,team leadership,Business / Management
manager php,web development,Web Development
manager unix,project management,Business / Management
manager unix,team leadership,Business / Management
manager unix,troubleshooting,IT Operations / Administration
manager unix,unix administration,IT Operations / Administration
maven engineer,build automation,DevOps / CI-CD
maven engineer,ci/cd,DevOps / CI-CD
maven engineer,dependency management,Software Engineering
maven engineer,git,DevOps / CI-CD
maven engineer,java,Programming Language
maven engineer,maven,DevOps / CI-CD
maven engineer,version control,DevOps / CI-CD
micro services / api lead designer,api design,API / Integration
micro services / api lead designer,cloud computing,Cloud / Infrastructure
micro services / api lead designer,java,Programming Language
micro services / api lead designer,microservices,DevOps / CI-CD
micro services / api lead designer,python,Programming Language
micro services / api lead designer,rest apis,API / Integration
micro services / api lead designer,security,Security
micro services / api lead designer,soa,API / Integration
microsoft dynamics developer,.net,Framework / Library
microsoft dynamics developer,customer relationship management,Business / Management
microsoft dynamics developer,development,Software Engineering
microsoft dynamics developer,microsoft dynamics,Enterprise / Business Systems
mobile app developer,android sdk,Mobile Development
mobile app developer,flutter,Framework / Library
mobile app developer,ios,Mobile Development
mobile app developer,java,Programming Language
mobile app developer,kotlin,Programming Language
mobile app developer,mobile development,Mobile Development
mobile app developer,objective-c,Programming Language
mobile app developer,react native,Framework / Library
mobile app developer,swift,Programming Language
mobile app developer,ui/ux design,Design / UX
mobile application developer,android sdk,Mobile Development
mobile application developer,flutter,Framework / Library
mobile application developer,ios,Mobile Development
mobile application developer,java,Programming Language
mobile application developer,kotlin,Programming Language
mobile application developer,mobile development,Mobile Development
mobile application developer,objective-c,Programming Language
mobile application developer,react native,Framework / Library
mobile application developer,swift,Programming Language
mobile application developer,ui/ux design,Design / UX
mobile developer,ios/android sdks,Mobile Development
mobile developer,mobile app development,Mobile Development
mobile developer,programming languages,Software Engineering
mobile developer,ui/ux design,Design / UX
mobile security specialist,mobile security,Mobile Development
mobile security specialist,penetration testing,Security
mobile security specialist,risk management,Compliance / Governance
mobile security specialist,security protocols,Security
motion graphics artist,animation software,Animation / Multimedia
motion graphics artist,graphic design,Design / UX
motion graphics artist,motion graphics,Animation / Multimedia
motion graphics artist,visual effects,Animation / Multimedia
mulesoft developer,anypoint platform,Enterprise / Business Systems
mulesoft developer,api development,API / Integration
mulesoft developer,integration,API / Integration
mulesoft developer,java,Programming Language
mulesoft developer,mulesoft,Enterprise / Business Systems
mulesoft developer,rest apis,API / Integration
mulesoft developer,soa,API / Integration
multimedia architect,audio production,Animation / Multimedia
multimedia architect,graphic design,Design / UX
multimedia architect,multimedia design,Animation / Multimedia
multimedia architect,video production,Animation / Multimedia
nagios engineer,alerting,Monitoring / Observability
nagios engineer,linux,Cloud / Infrastructure
nagios engineer,monitoring,Monitoring / Observability
nagios engineer,nagios,Monitoring / Observability
nagios engineer,networking,Networking
nagios engineer,scripting,Programming Language
nagios engineer,system administration,IT Operations / Administration
natural language processing engineer,machine learning,Data / AI
natural language processing engineer,nlp algorithms,Data / AI
natural language processing engineer,python,Programming Language
natural language processing engineer,text analysis,Data / AI
network analyst,network monitoring,Monitoring / Observability
network analyst,performance analysis,AI / Advanced Analytics
network analyst,reporting,Data / AI
network analyst,troubleshooting,IT Operations / Administration
network and systems administrator,automation,DevOps / CI-CD
network and systems administrator,linux,Cloud / Infrastructure
network and systems administrator,networking,Networking
network and systems administrator,scripting,Programming Language
network and systems administrator,system administration,IT Operations / Administration
network and systems administrator,troubleshooting,IT Operations / Administration
network and systems administrator,windows server,IT Operations / Administration
network architect,network design,Networking
network architect,network protocols,Networking
network architect,security,Security
network architect,system architecture,Architecture / Design
network engineer,cisco,Networking
network engineer,firewalls,Security
network engineer,lan/wan,Networking
network engineer,networking protocols,Networking
network engineer,routing,Networking
network engineer,security,Security
network engineer,switching,Networking
network engineer,tcp/ip,Networking
network engineer,vpn,Networking
network infrastructure specialist,cabling,Hardware / Embedded
network infrastructure specialist,implementation,Other / Review
network infrastructure specialist,network design,Networking
network infrastructure specialist,networking hardware,Networking
network operations engineer,incident response,IT Operations / Administration
network operations engineer,monitoring,Monitoring / Observability
network operations engineer,network operations,Networking
network operations engineer,troubleshooting,IT Operations / Administration
network reliability engineer,automation,DevOps / CI-CD
network reliability engineer,incident response,IT Operations / Administration
network reliability engineer,monitoring,Monitoring / Observability
network reliability engineer,network reliability,Networking
network security engineer,firewall management,Security
network security engineer,intrusion detection,Security
network security engineer,networking protocols,Networking
network security engineer,security protocols,Security
new grad software engineer,algorithms,Software Engineering
new grad software engineer,css,Web Development
new grad software engineer,data structures,Data Engineering
new grad software engineer,git,DevOps / CI-CD
new grad software engineer,html,Web Development
new grad software engineer,java,Programming Language
new grad software engineer,javascript,Programming Language
new grad software engineer,python,Programming Language
new grad software engineer,sql,Database / Data Technology
new relic engineer,.net,Framework / Library
new relic engineer,alerting,Monitoring / Observability
new relic engineer,application performance monitoring,Monitoring / Observability
new relic engineer,cloud computing,Cloud / Infrastructure
new relic engineer,java,Programming Language
new relic engineer,metrics,Data / AI
new relic engineer,new relic,Monitoring / Observability
new relic engineer,troubleshooting,IT Operations / Administration
nexus engineer,artifact repository,DevOps / CI-CD
nexus engineer,build automation,DevOps / CI-CD
nexus engineer,ci/cd,DevOps / CI-CD
nexus engineer,docker,Cloud / Infrastructure
nexus engineer,gradle,DevOps / CI-CD
nexus engineer,maven,DevOps / CI-CD
nexus engineer,nexus,DevOps / CI-CD
nomad engineer,automation,DevOps / CI-CD
nomad engineer,cloud computing,Cloud / Infrastructure
nomad engineer,container orchestration,DevOps / CI-CD
nomad engineer,docker,Cloud / Infrastructure
nomad engineer,linux,Cloud / Infrastructure
nomad engineer,networking,Networking
nomad engineer,nomad,Cloud / Infrastructure
notary engineer,container security,Security
notary engineer,cryptography,Security
notary engineer,docker,Cloud / Infrastructure
notary engineer,notary,Compliance / Governance
notary engineer,security,Security
notary engineer,trust management,Security
octopus deploy engineer,.net,Framework / Library
octopus deploy engineer,ci/cd,DevOps / CI-CD
octopus deploy engineer,cloud computing,Cloud / Infrastructure
octopus deploy engineer,deployment automation,DevOps / CI-CD
octopus deploy engineer,octopus deploy,DevOps / CI-CD
octopus deploy engineer,powershell,Programming Language
octopus deploy engineer,scripting,Programming Language
openshift engineer,automation,DevOps / CI-CD
openshift engineer,ci/cd,DevOps / CI-CD
openshift engineer,cloud computing,Cloud / Infrastructure
openshift engineer,docker,Cloud / Infrastructure
openshift engineer,kubernetes,Cloud / Infrastructure
openshift engineer,linux,Cloud / Infrastructure
openshift engineer,openshift,Cloud / Infrastructure
openshift engineer,security,Security
openstack engineer,automation,DevOps / CI-CD
openstack engineer,cloud computing,Cloud / Infrastructure
openstack engineer,linux,Cloud / Infrastructure
openstack engineer,networking,Networking
openstack engineer,openstack,Cloud / Infrastructure
openstack engineer,scripting,Programming Language
openstack engineer,virtualization,Cloud / Infrastructure
operations engineer,automation,DevOps / CI-CD
operations engineer,cloud computing,Cloud / Infrastructure
operations engineer,linux,Cloud / Infrastructure
operations engineer,monitoring,Monitoring / Observability
operations engineer,networking,Networking
operations engineer,scripting,Programming Language
operations engineer,system administration,IT Operations / Administration
operations engineer,troubleshooting,IT Operations / Administration
operations engineer,windows server,IT Operations / Administration
oracle developer,database design,Database / Data Technology
oracle developer,etl,Data Engineering
oracle developer,oracle,Database / Data Technology
oracle developer,performance tuning,AI / Advanced Analytics
oracle developer,pl/sql,Database / Data Technology
oracle developer,sql,Database / Data Technology
oracle sql developer,database development,Database / Data Technology
oracle sql developer,etl,Data Engineering
oracle sql developer,oracle sql developer,Database / Data Technology
oracle sql developer,performance tuning,AI / Advanced Analytics
oracle sql developer,pl/sql,Database / Data Technology
oracle sql developer,sql,Database / Data Technology
packer engineer,automation,DevOps / CI-CD
packer engineer,aws,Cloud / Infrastructure
packer engineer,azure,Cloud / Infrastructure
packer engineer,cloud computing,Cloud / Infrastructure
packer engineer,gcp,Cloud / Infrastructure
packer engineer,infrastructure as code,Cloud / Infrastructure
packer engineer,packer,Cloud / Infrastructure
penetration tester,ethical hacking,Security
penetration tester,penetration testing,Security
penetration tester,security audits,Security
penetration tester,vulnerability assessment,Security
php developer,css,Web Development
php developer,git,DevOps / CI-CD
php developer,html,Web Development
php developer,javascript,Programming Language
php developer,laravel,Framework / Library
php developer,mysql,Database / Data Technology
php developer,php,Programming Language
php developer,rest apis,API / Integration
php developer,symfony,Framework / Library
platform engineer,automation,DevOps / CI-CD
platform engineer,cloud computing,Cloud / Infrastructure
platform engineer,devops practices,DevOps / CI-CD
platform engineer,platform engineering,DevOps / CI-CD
portfolio manager,financial analysis,Finance / Business
portfolio manager,investment management,Finance / Business
portfolio manager,portfolio management,Business / Management
portfolio manager,risk management,Compliance / Governance
power bi analyst,business intelligence,Business / Management
power bi analyst,data analysis,Data / AI
power bi analyst,power bi,Data / AI
power bi analyst,sql,Database / Data Technology
power bi developer,data modeling,Data / AI
power bi developer,data visualization,Data / AI
power bi developer,dax,Database / Data Technology
power bi developer,power bi,Data / AI
powershell engineer,active directory,IT Operations / Administration
powershell engineer,automation,DevOps / CI-CD
powershell engineer,cloud computing,Cloud / Infrastructure
powershell engineer,powershell,Programming Language
powershell engineer,scripting,Programming Language
powershell engineer,windows server,IT Operations / Administration
principle engineer in artificial intelligence,ai strategy,Data / AI
principle engineer in artificial intelligence,cloud computing,Cloud / Infrastructure
principle engineer in artificial intelligence,data science,Data / AI
principle engineer in artificial intelligence,deep learning,Data / AI
principle engineer in artificial intelligence,innovation,Business / Management
principle engineer in artificial intelligence,machine learning,Data / AI
principle engineer in artificial intelligence,mentoring,Soft Skill
principle engineer in artificial intelligence,python,Programming Language
principle engineer in artificial intelligence,system design,Architecture / Design
principle engineer in artificial intelligence,tensorflow,Framework / Library
principle engineer in big data,big data architecture,AI / Advanced Analytics
principle engineer in big data,cloud computing,Cloud / Infrastructure
principle engineer in big data,data governance,Data / AI
principle engineer in big data,data warehousing,Data / AI
principle engineer in big data,hadoop,Data / AI
principle engineer in big data,innovation,Business / Management
principle engineer in big data,kafka,Data / AI
principle engineer in big data,mentoring,Soft Skill
principle engineer in big data,spark,Data / AI
principle engineer in data analysis,data analysis,Data / AI
principle engineer in data analysis,data modeling,Data / AI
principle engineer in data analysis,data visualization,Data / AI
principle engineer in data analysis,innovation,Business / Management
principle engineer in data analysis,mentoring,Soft Skill
principle engineer in data analysis,python,Programming Language
principle engineer in data analysis,sql,Database / Data Technology
principle engineer in data analysis,statistics,Data / AI
principle engineer in machine learning,cloud computing,Cloud / Infrastructure
principle engineer in machine learning,deep learning,Data / AI
principle engineer in machine learning,innovation,Business / Management
principle engineer in machine learning,machine learning,Data / AI
principle engineer in machine learning,mentoring,Soft Skill
principle engineer in machine learning,model deployment,Data / AI
principle engineer in machine learning,python,Programming Language
principle engineer in machine learning,tensorflow,Framework / Library
product manager,agile methodologies,Business / Management
product manager,communication,Soft Skill
product manager,product management,Business / Management
product manager,roadmap planning,Business / Management
product manager,stakeholder management,Business / Management
product manager,user research,Design / UX
production support engineer,automation,DevOps / CI-CD
production support engineer,databases,Database / Data Technology
production support engineer,itil,IT Service Management
production support engineer,linux,Cloud / Infrastructure
production support engineer,monitoring,Monitoring / Observability
production support engineer,networking,Networking
production support engineer,scripting,Programming Language
production support engineer,troubleshooting,IT Operations / Administration
production support engineer,windows server,IT Operations / Administration
program manager,communication,Soft Skill
program manager,execution,Other / Review
program manager,planning,Business / Management
program manager,program management,Business / Management
programmer,algorithms,Software Engineering
programmer,c++,Programming Language
programmer,data structures,Data Engineering
programmer,debugging,Software Engineering
programmer,java,Programming Language
programmer,programming,Software Engineering
programmer,python,Programming Language
programmer,software development,Software Engineering
programmer analyst,data analysis,Data / AI
programmer analyst,data modeling,Data / AI
programmer analyst,process improvement,Business / Management
programmer analyst,programming,Software Engineering
programmer analyst,requirements gathering,Business / Management
programmer analyst,sql,Database / Data Technology
project manager,communication,Soft Skill
project manager,execution,Other / Review
project manager,planning,Business / Management
project manager,project management,Business / Management
prometheus engineer,alerting,Monitoring / Observability
prometheus engineer,cloud computing,Cloud / Infrastructure
prometheus engineer,docker,Cloud / Infrastructure
prometheus engineer,kubernetes,Cloud / Infrastructure
prometheus engineer,metrics,Data / AI
prometheus engineer,monitoring,Monitoring / Observability
prometheus engineer,prometheus,Monitoring / Observability
puppet engineer,automation,DevOps / CI-CD
puppet engineer,aws,Cloud / Infrastructure
puppet engineer,azure,Cloud / Infrastructure
puppet engineer,cloud computing,Cloud / Infrastructure
puppet engineer,configuration management,IT Operations / Administration
puppet engineer,infrastructure as code,Cloud / Infrastructure
puppet engineer,linux,Cloud / Infrastructure
puppet engineer,puppet,DevOps / CI-CD
puppet engineer,ruby,Programming Language
puppet operations engineer,automation,DevOps / CI-CD
puppet operations engineer,aws,Cloud / Infrastructure
puppet operations engineer,azure,Cloud / Infrastructure
puppet operations engineer,cloud computing,Cloud / Infrastructure
puppet operations engineer,configuration management,IT Operations / Administration
puppet operations engineer,infrastructure as code,Cloud / Infrastructure
puppet operations engineer,linux,Cloud / Infrastructure
puppet operations engineer,puppet,DevOps / CI-CD
puppet operations engineer,ruby,Programming Language
pytest engineer,ci/cd,DevOps / CI-CD
pytest engineer,pytest,Testing / QA
pytest engineer,python,Programming Language
pytest engineer,test automation,Testing / QA
pytest engineer,testing,Testing / QA
pytest engineer,unit testing,Testing / QA
python architect,cloud computing,Cloud / Infrastructure
python architect,design patterns,Architecture / Design
python architect,python,Programming Language
python architect,system architecture,Architecture / Design
python developer,algorithms,Software Engineering
python developer,cloud computing,Cloud / Infrastructure
python developer,data structures,Data Engineering
python developer,django,Framework / Library
python developer,docker,Cloud / Infrastructure
python developer,flask,Framework / Library
python developer,git,DevOps / CI-CD
python developer,linux,Cloud / Infrastructure
python developer,python,Programming Language
python developer,rest apis,API / Integration
python developer,sql,Database / Data Technology
qa engineer,agile testing,Testing / QA
qa engineer,automation testing,Testing / QA
qa engineer,ci/cd,DevOps / CI-CD
qa engineer,git,DevOps / CI-CD
qa engineer,jenkins,DevOps / CI-CD
qa engineer,junit,Testing / QA
qa engineer,performance testing,Testing / QA
qa engineer,python,Programming Language
qa engineer,selenium,Testing / QA
qa engineer,test automation,Testing / QA
qa engineer,testng,Testing / QA
quality assurance manager,qa processes,Testing / QA
quality assurance manager,team leadership,Business / Management
quality assurance manager,test automation,Testing / QA
quality assurance manager,test planning,Testing / QA
react developer,css,Web Development
react developer,git,DevOps / CI-CD
react developer,html,Web Development
react developer,javascript,Programming Language
react developer,node,Framework / Library
react developer,react,Framework / Library
react developer,redux,Framework / Library
react developer,ui/ux design,Design / UX
release manager,ci/cd pipelines,DevOps / CI-CD
release manager,communication,Soft Skill
release manager,coordination,Soft Skill
release manager,release management,DevOps / CI-CD
requirements manager,analysis,Other / Review
requirements manager,communication,Soft Skill
requirements manager,documentation,IT Service Management
requirements manager,requirements gathering,Business / Management
rigging artist,3d modeling,Animation / Multimedia
rigging artist,animation,Animation / Multimedia
rigging artist,character setup,Animation / Multimedia
rigging artist,rigging,Animation / Multimedia
robotics engineer,actuators,Hardware / Embedded
robotics engineer,c++,Programming Language
robotics engineer,control systems,Hardware / Embedded
robotics engineer,embedded systems,Hardware / Embedded
robotics engineer,python,Programming Language
robotics engineer,robotics,Robotics / Control Systems
robotics engineer,ros,Robotics / Control Systems
robotics engineer,sensors,Hardware / Embedded
ruby on rails developer,css,Web Development
ruby on rails developer,git,DevOps / CI-CD
ruby on rails developer,html,Web Development
ruby on rails developer,javascript,Programming Language
ruby on rails developer,rest apis,API / Integration
ruby on rails developer,ruby,Programming Language
ruby on rails developer,ruby on rails,Framework / Library
ruby on rails developer,sql,Database / Data Technology
salesforce developer,apex,Enterprise / Business Systems
salesforce developer,lightning,Enterprise / Business Systems
salesforce developer,rest apis,API / Integration
salesforce developer,salesforce,Enterprise / Business Systems
salesforce developer,salesforce administration,Enterprise / Business Systems
salesforce developer,soql,Other / Review
salesforce developer,visualforce,Framework / Library
sap consultant,business process analysis,Business / Management
sap consultant,customization,Other / Review
sap consultant,implementation,Other / Review
sap consultant,sap modules,Enterprise / Business Systems
search engine optimization,analytics,Data / AI
search engine optimization,content marketing,Marketing / SEO
search engine optimization,keyword research,Marketing / SEO
search engine optimization,off-page optimization,Marketing / SEO
search engine optimization,on-page optimization,Marketing / SEO
search engine optimization,seo,Marketing / SEO
security administrator,security policies,Security
security administrator,security tools,Security
security administrator,system administration,IT Operations / Administration
security administrator,user management,IT Operations / Administration
security consultant,compliance,Compliance / Governance
security consultant,risk assessment,Compliance / Governance
security consultant,security consulting,Security
security consultant,security solutions,Security
security engineer,incident response,IT Operations / Administration
security engineer,risk management,Compliance / Governance
security engineer,security protocols,Security
security engineer,threat analysis,Security
security manager,compliance,Compliance / Governance
security manager,risk assessment,Compliance / Governance
security manager,security management,Security
security manager,team leadership,Business / Management
security specialist,firewalls,Security
security specialist,ids/ips,Security
security specialist,network security,Security
security specialist,penetration testing,Security
security specialist,security,Security
security specialist,security auditing,Security
security specialist,vulnerability management,Security
selenium engineer,ci/cd,DevOps / CI-CD
selenium engineer,java,Programming Language
selenium engineer,python,Programming Language
selenium engineer,selenium,Testing / QA
selenium engineer,test automation,Testing / QA
selenium engineer,testing frameworks,Testing / QA
selenium engineer,webdriver,Testing / QA
senior ansible development engineer,ansible,Cloud / Infrastructure
senior ansible development engineer,automation,DevOps / CI-CD
senior ansible development engineer,aws,Cloud / Infrastructure
senior ansible development engineer,azure,Cloud / Infrastructure
senior ansible development engineer,cloud computing,Cloud / Infrastructure
senior ansible development engineer,infrastructure as code,Cloud / Infrastructure
senior ansible development engineer,leadership,Business / Management
senior ansible development engineer,linux,Cloud / Infrastructure
senior ansible development engineer,networking,Networking
senior ansible development engineer,python,Programming Language
senior ansible development engineer,scripting,Programming Language
senior build and release engineer,automation,DevOps / CI-CD
senior build and release engineer,build tools,Software Engineering
senior build and release engineer,ci/cd,DevOps / CI-CD
senior build and release engineer,docker,Cloud / Infrastructure
senior build and release engineer,git,DevOps / CI-CD
senior build and release engineer,gradle,DevOps / CI-CD
senior build and release engineer,jenkins,DevOps / CI-CD
senior build and release engineer,kubernetes,Cloud / Infrastructure
senior build and release engineer,leadership,Business / Management
senior build and release engineer,linux,Cloud / Infrastructure
senior build and release engineer,maven,DevOps / CI-CD
senior build and release engineer,mentoring,Soft Skill
senior build and release engineer,scripting,Programming Language
senior build engineer,ant,Other / Review
senior build engineer,build automation,DevOps / CI-CD
senior build engineer,ci/cd,DevOps / CI-CD
senior build engineer,git,DevOps / CI-CD
senior build engineer,gradle,DevOps / CI-CD
senior build engineer,jenkins,DevOps / CI-CD
senior build engineer,leadership,Business / Management
senior build engineer,linux,Cloud / Infrastructure
senior build engineer,maven,DevOps / CI-CD
senior build engineer,mentoring,Soft Skill
senior build engineer,scripting,Programming Language
senior build engineer,version control,DevOps / CI-CD
senior cloud architect,aws,Cloud / Infrastructure
senior cloud architect,azure,Cloud / Infrastructure
senior cloud architect,cloud architecture,Cloud / Infrastructure
senior cloud architect,docker,Cloud / Infrastructure
senior cloud architect,gcp,Cloud / Infrastructure
senior cloud architect,kubernetes,Cloud / Infrastructure
senior cloud architect,leadership,Business / Management
senior cloud architect,microservices,DevOps / CI-CD
senior cloud architect,security,Security
senior devops architect,ansible,Cloud / Infrastructure
senior devops architect,automation,DevOps / CI-CD
senior devops architect,aws,Cloud / Infrastructure
senior devops architect,azure,Cloud / Infrastructure
senior devops architect,ci/cd,DevOps / CI-CD
senior devops architect,cloud computing,Cloud / Infrastructure
senior devops architect,docker,Cloud / Infrastructure
senior devops architect,gcp,Cloud / Infrastructure
senior devops architect,kubernetes,Cloud / Infrastructure
senior devops architect,leadership,Business / Management
senior devops architect,networking,Networking
senior devops architect,security,Security
senior devops architect,terraform,Cloud / Infrastructure
senior devops engineer,ansible,Cloud / Infrastructure
senior devops engineer,automation,DevOps / CI-CD
senior devops engineer,aws,Cloud / Infrastructure
senior devops engineer,azure,Cloud / Infrastructure
senior devops engineer,ci/cd,DevOps / CI-CD
senior devops engineer,cloud computing,Cloud / Infrastructure
senior devops engineer,docker,Cloud / Infrastructure
senior devops engineer,git,DevOps / CI-CD
senior devops engineer,jenkins,DevOps / CI-CD
senior devops engineer,kubernetes,Cloud / Infrastructure
senior devops engineer,leadership,Business / Management
senior devops engineer,linux,Cloud / Infrastructure
senior devops engineer,networking,Networking
senior devops engineer,python,Programming Language
senior devops engineer,terraform,Cloud / Infrastructure
senior devsecops architect,ansible,Cloud / Infrastructure
senior devsecops architect,ci/cd,DevOps / CI-CD
senior devsecops architect,cloud security,Security
senior devsecops architect,devsecops,DevOps / CI-CD
senior devsecops architect,docker,Cloud / Infrastructure
senior devsecops architect,kubernetes,Cloud / Infrastructure
senior devsecops architect,leadership,Business / Management
senior devsecops architect,security automation,Security
senior devsecops architect,terraform,Cloud / Infrastructure
senior devsecops architect,vulnerability management,Security
senior it consultant,client management,Business / Management
senior it consultant,it consulting,Business / Management
senior it consultant,project management,Business / Management
senior it consultant,technical expertise,IT Service Management
senior sre architect,automation,DevOps / CI-CD
senior sre architect,ci/cd,DevOps / CI-CD
senior sre architect,cloud platforms,Cloud / Infrastructure
senior sre architect,devops,DevOps / CI-CD
senior sre architect,docker,Cloud / Infrastructure
senior sre architect,kubernetes,Cloud / Infrastructure
senior sre architect,leadership,Business / Management
senior sre architect,linux,Cloud / Infrastructure
senior sre architect,monitoring,Monitoring / Observability
senior sre architect,networking,Networking
senior sre architect,python,Programming Language
senior sre architect,sre,DevOps / CI-CD
senior sre engineer,automation,DevOps / CI-CD
senior sre engineer,ci/cd,DevOps / CI-CD
senior sre engineer,cloud platforms,Cloud / Infrastructure
senior sre engineer,devops,DevOps / CI-CD
senior sre engineer,docker,Cloud / Infrastructure
senior sre engineer,kubernetes,Cloud / Infrastructure
senior sre engineer,leadership,Business / Management
senior sre engineer,linux,Cloud / Infrastructure
senior sre engineer,monitoring,Monitoring / Observability
senior sre engineer,networking,Networking
senior sre engineer,python,Programming Language
senior sre engineer,sre,DevOps / CI-CD
seo consultant,content optimization,Marketing / SEO
seo consultant,keyword research,Marketing / SEO
seo consultant,link building,Marketing / SEO
seo consultant,seo,Marketing / SEO
seo manager,performance monitoring,Monitoring / Observability
seo manager,reporting,Data / AI
seo manager,seo strategy,Marketing / SEO
seo manager,team leadership,Business / Management
sharepoint developer,.net,Framework / Library
sharepoint developer,c#,Programming Language
sharepoint developer,javascript,Programming Language
sharepoint developer,powershell,Programming Language
sharepoint developer,rest apis,API / Integration
sharepoint developer,sharepoint,Enterprise / Business Systems
sharepoint developer,sharepoint framework,Framework / Library
sharepoint manager,collaboration,Soft Skill
sharepoint manager,project management,Business / Management
sharepoint manager,sharepoint,Enterprise / Business Systems
sharepoint manager,team leadership,Business / Management
site reliability engineer (kubernetes Ã¢Â€Â“ docker),automation,DevOps / CI-CD
site reliability engineer (kubernetes Ã¢Â€Â“ docker),ci/cd,DevOps / CI-CD
site reliability engineer (kubernetes Ã¢Â€Â“ docker),cloud computing,Cloud / Infrastructure
site reliability engineer (kubernetes Ã¢Â€Â“ docker),docker,Cloud / Infrastructure
site reliability engineer (kubernetes Ã¢Â€Â“ docker),kubernetes,Cloud / Infrastructure
site reliability engineer (kubernetes Ã¢Â€Â“ docker),linux,Cloud / Infrastructure
site reliability engineer (kubernetes Ã¢Â€Â“ docker),monitoring,Monitoring / Observability
site reliability engineer (kubernetes Ã¢Â€Â“ docker),networking,Networking
site reliability engineer (kubernetes Ã¢Â€Â“ docker),sre,DevOps / CI-CD
site reliability engineer (kubernetes Ã¢Â€Â“ docker),troubleshooting,IT Operations / Administration
site reliability engineer (kubernetes Ã£Â‚Ã¢Â‚Â¬Ã£Â¯Ã¢Â¿Ã¢Â½ docker),automation,DevOps / CI-CD
site reliability engineer (kubernetes Ã£Â‚Ã¢Â‚Â¬Ã£Â¯Ã¢Â¿Ã¢Â½ docker),docker,Cloud / Infrastructure
site reliability engineer (kubernetes Ã£Â‚Ã¢Â‚Â¬Ã£Â¯Ã¢Â¿Ã¢Â½ docker),kubernetes,Cloud / Infrastructure
site reliability engineer (kubernetes Ã£Â‚Ã¢Â‚Â¬Ã£Â¯Ã¢Â¿Ã¢Â½ docker),monitoring,Monitoring / Observability
site reliability engineer (kubernetes Ã£Â‚Ã¢Â‚Â¬Ã£Â¯Ã¢Â¿Ã¢Â½ docker),system reliability,DevOps / CI-CD
software architect,cloud computing,Cloud / Infrastructure
software architect,design patterns,Architecture / Design
software architect,programming languages,Software Engineering
software architect,system architecture,Architecture / Design
software developer,algorithms,Software Engineering
software developer,c++,Programming Language
software developer,data structures,Data Engineering
software developer,debugging,Software Engineering
software developer,java,Programming Language
software developer,programming,Software Engineering
software developer,python,Programming Language
software developer,software development,Software Engineering
software development engineer,algorithm design,Software Engineering
software development engineer,problem solving,Soft Skill
software development engineer,programming languages,Software Engineering
software development engineer,software development,Software Engineering
software development manager,project management,Business / Management
software development manager,software architecture,Architecture / Design
software development manager,software development,Software Engineering
software development manager,team leadership,Business / Management
software engineer,algorithms,Software Engineering
software engineer,c++,Programming Language
software engineer,ci/cd,DevOps / CI-CD
software engineer,cloud computing,Cloud / Infrastructure
software engineer,data structures,Data Engineering
software engineer,git,DevOps / CI-CD
software engineer,java,Programming Language
software engineer,jenkins,DevOps / CI-CD
software engineer,python,Programming Language
software engineer,software design,Software Engineering
software quality assurance analyst,qa processes,Testing / QA
software quality assurance analyst,reporting,Data / AI
software quality assurance analyst,test execution,Testing / QA
software quality assurance analyst,test planning,Testing / QA
sonarqube engineer,.net,Framework / Library
sonarqube engineer,ci/cd,DevOps / CI-CD
sonarqube engineer,code quality,Software Engineering
sonarqube engineer,java,Programming Language
sonarqube engineer,security,Security
sonarqube engineer,sonarqube,Software Engineering
sonarqube engineer,static code analysis,Software Engineering
splunk engineer,alerting,Monitoring / Observability
splunk engineer,aws,Cloud / Infrastructure
splunk engineer,azure,Cloud / Infrastructure
splunk engineer,dashboards,Data / AI
splunk engineer,data analysis,Data / AI
splunk engineer,linux,Cloud / Infrastructure
splunk engineer,log management,Monitoring / Observability
splunk engineer,scripting,Programming Language
splunk engineer,security,Security
splunk engineer,splunk,Monitoring / Observability
splunk enterprise security engineer,incident response,IT Operations / Administration
splunk enterprise security engineer,security analysis,Security
splunk enterprise security engineer,security information and event management (siem),Security
splunk enterprise security engineer,splunk enterprise security,Security
splunk enterprise security engineer,threat detection,Security
sql developer,data modeling,Data / AI
sql developer,database design,Database / Data Technology
sql developer,etl,Data Engineering
sql developer,performance tuning,AI / Advanced Analytics
sql developer,sql,Database / Data Technology
sql developer,sql server,Database / Data Technology
sql developer,ssis,Database / Data Technology
sql developer,ssrs,Database / Data Technology
sql developer,t-sql,Database / Data Technology
sre architect,automation,DevOps / CI-CD
sre architect,ci/cd,DevOps / CI-CD
sre architect,cloud architecture,Cloud / Infrastructure
sre architect,docker,Cloud / Infrastructure
sre architect,incident management,IT Operations / Administration
sre architect,kubernetes,Cloud / Infrastructure
sre architect,monitoring,Monitoring / Observability
sre architect,networking,Networking
sre architect,sre,DevOps / CI-CD
sre engineer,automation,DevOps / CI-CD
sre engineer,ci/cd,DevOps / CI-CD
sre engineer,cloud platforms,Cloud / Infrastructure
sre engineer,devops,DevOps / CI-CD
sre engineer,docker,Cloud / Infrastructure
sre engineer,kubernetes,Cloud / Infrastructure
sre engineer,linux,Cloud / Infrastructure
sre engineer,monitoring,Monitoring / Observability
sre engineer,python,Programming Language
sre engineer,sre,DevOps / CI-CD
storyboard artist,drawing,Animation / Multimedia
storyboard artist,film/animation,Animation / Multimedia
storyboard artist,storyboarding,Animation / Multimedia
storyboard artist,visual communication,Design / UX
systems administrator,linux administration,IT Operations / Administration
systems administrator,networking,Networking
systems administrator,scripting,Programming Language
systems administrator,troubleshooting,IT Operations / Administration
systems administrator,virtualization,Cloud / Infrastructure
systems administrator,windows server administration,IT Operations / Administration
systems engineer,cloud computing,Cloud / Infrastructure
systems engineer,linux administration,IT Operations / Administration
systems engineer,networking,Networking
systems engineer,systems design,Architecture / Design
systems engineer,windows server administration,IT Operations / Administration
systems integration manager,communication,Soft Skill
systems integration manager,project management,Business / Management
systems integration manager,systems integration,API / Integration
systems integration manager,team leadership,Business / Management
teamcity engineer,build automation,DevOps / CI-CD
teamcity engineer,ci/cd,DevOps / CI-CD
teamcity engineer,git,DevOps / CI-CD
teamcity engineer,teamcity,DevOps / CI-CD
teamcity engineer,version control,DevOps / CI-CD
tech sales engineer,customer engagement,Business / Management
tech sales engineer,networking technologies,Networking
tech sales engineer,product knowledge,Business / Management
tech sales engineer,technical sales,Business / Management
technical account manager,account management,IT Operations / Administration
technical account manager,customer relationship management,Business / Management
technical account manager,project management,Business / Management
technical account manager,technical support,IT Service Management
technical animator,animation software,Animation / Multimedia
technical animator,programming,Software Engineering
technical animator,scripting,Programming Language
technical animator,technical animation,Animation / Multimedia
technical lead,agile methodologies,Business / Management
technical lead,project management,Business / Management
technical lead,software development lifecycle (sdlc),Software Engineering
technical lead,team leadership,Business / Management
technical operations officer,incident response,IT Operations / Administration
technical operations officer,infrastructure management,Cloud / Infrastructure
technical operations officer,system administration,IT Operations / Administration
technical operations officer,technical operations,IT Service Management
technical product manager,market analysis,Finance / Business
technical product manager,product management,Business / Management
technical product manager,requirements gathering,Business / Management
technical product manager,technical expertise,IT Service Management
technology adoption manager,change management,Business / Management
technology adoption manager,communication,Soft Skill
technology adoption manager,technology adoption,Business / Management
technology adoption manager,training,Business / Management
technology assistant,administrative support,IT Service Management
technology assistant,hardware/software,Hardware / Embedded
technology assistant,technical support,IT Service Management
technology assistant,troubleshooting,IT Operations / Administration
technology manager,budgeting,Finance / Business
technology manager,it management,Business / Management
technology manager,project management,Business / Management
technology manager,team leadership,Business / Management
technology officer,innovation,Business / Management
technology officer,it strategy,Business / Management
technology officer,leadership,Business / Management
technology officer,project management,Business / Management
technology sales consultant,customer relationship management,Business / Management
technology sales consultant,sales,Finance / Business
technology sales consultant,technical expertise,IT Service Management
technology sales consultant,technology solutions,Business / Management
technology specialist,it support,IT Operations / Administration
technology specialist,problem solving,Soft Skill
technology specialist,technical expertise,IT Service Management
technology specialist,troubleshooting,IT Operations / Administration
terraform engineer,aws,Cloud / Infrastructure
terraform engineer,azure,Cloud / Infrastructure
terraform engineer,gcp,Cloud / Infrastructure
terraform engineer,infrastructure as code (iac),Cloud / Infrastructure
terraform engineer,terraform,Cloud / Infrastructure
tfs engineer,.net development tools,Framework / Library
tfs engineer,.net framework,Framework / Library
tfs engineer,tfs (team foundation server),DevOps / CI-CD
udeploy engineer,automation,DevOps / CI-CD
udeploy engineer,ci/cd,DevOps / CI-CD
udeploy engineer,deployment strategies,DevOps / CI-CD
udeploy engineer,udeploy (urbancode deploy),DevOps / CI-CD
udeploy engineer,version control,DevOps / CI-CD
ui (user interface) designer,prototyping,Design / UX
ui (user interface) designer,ui design,Design / UX
ui (user interface) designer,usability testing,Design / UX
ui (user interface) designer,user research,Design / UX
ui designer,adobe creative suite,Design / UX
ui designer,figma,Design / UX
ui designer,prototyping,Design / UX
ui designer,ui design principles,Design / UX
ui designer,user testing,Testing / QA
ui designer,wireframing,Design / UX
ui developer,angularjs,Framework / Library
ui developer,css3,Web Development
ui developer,html5,Web Development
ui developer,javascript,Programming Language
ui developer,jquery,Framework / Library
ui developer,react,Framework / Library
ui developer,responsive design,Design / UX
unity developer,3d modeling,Animation / Multimedia
unity developer,animation,Animation / Multimedia
unity developer,c#,Programming Language
unity developer,game development principles,Animation / Multimedia
unity developer,unity3d engine,Game Development
ux designer,interaction design,Design / UX
ux designer,prototyping,Design / UX
ux designer,usability testing,Design / UX
ux designer,user experience design principles,Design / UX
ux designer,user research,Design / UX
ux designer,wireframing,Design / UX
ux/ui designer,prototyping,Design / UX
ux/ui designer,usability testing,Design / UX
ux/ui designer,user research,Design / UX
ux/ui designer,ux/ui design,Design / UX
ux/ui researcher,data analysis,Data / AI
ux/ui researcher,reporting,Data / AI
ux/ui researcher,usability testing,Design / UX
ux/ui researcher,user research,Design / UX
ux/ui specialist,prototyping,Design / UX
ux/ui specialist,usability testing,Design / UX
ux/ui specialist,user research,Design / UX
ux/ui specialist,ux/ui design,Design / UX
vault engineer,access control,Security
vault engineer,cloud security,Security
vault engineer,encryption,Security
vault engineer,hashicorp vault,Security
vault engineer,secrets management,Security
vfx artist,3d modeling,Animation / Multimedia
vfx artist,compositing,Animation / Multimedia
vfx artist,simulation,Robotics / Control Systems
vfx artist,visual effects,Animation / Multimedia
visual effects animator,3d modeling,Animation / Multimedia
visual effects animator,animation,Animation / Multimedia
visual effects animator,compositing,Animation / Multimedia
visual effects animator,visual effects,Animation / Multimedia
web analytics developer,a/b testing,Testing / QA
web analytics developer,data analysis,Data / AI
web analytics developer,reporting,Data / AI
web analytics developer,web analytics tools,Marketing / SEO
web content manager,cms,Web Development
web content manager,content creation,Marketing / SEO
web content manager,content strategy,Marketing / SEO
web content manager,seo,Marketing / SEO
web designer,graphic design,Design / UX
web designer,ui/ux principles,Design / UX
web designer,web design,Web Development
web designer,wireframing,Design / UX
web designer (ui/ux designer),adobe creative suite,Design / UX
web designer (ui/ux designer),figma,Design / UX
web designer (ui/ux designer),prototyping,Design / UX
web designer (ui/ux designer),ui/ux design,Design / UX
web designer (ui/ux designer),wireframing,Design / UX
web developer,angularjs,Framework / Library
web developer,css3,Web Development
web developer,html5,Web Development
web developer,javascript,Programming Language
web developer,node,Framework / Library
web developer,php,Programming Language
web developer,react,Framework / Library
web engineer,performance optimization,AI / Advanced Analytics
web engineer,security,Security
web engineer,system architecture,Architecture / Design
web engineer,web technologies,Web Development
web producer,collaboration,Soft Skill
web producer,content strategy,Marketing / SEO
web producer,project management,Business / Management
web producer,web content management,Web Development
web project manager,budgeting,Finance / Business
web project manager,communication,Soft Skill
web project manager,project management,Business / Management
web project manager,web development,Web Development
webmaster,content management,Marketing / SEO
webmaster,system administration,IT Operations / Administration
webmaster,web design,Web Development
webmaster,web development,Web Development
wordpress developer,css3,Web Development
wordpress developer,html5,Web Development
wordpress developer,javascript,Programming Language
wordpress developer,mysql,Database / Data Technology
wordpress developer,php,Programming Language
wordpress developer,wordpress,Web Development
xl deploy engineer,ci/cd,DevOps / CI-CD
xl deploy engineer,deployment automation,DevOps / CI-CD
xl deploy engineer,version control,DevOps / CI-CD
xl deploy engineer,xl deploy,DevOps / CI-CD
zabbix engineer,alerting systems,Monitoring / Observability
zabbix engineer,monitoring tools,Monitoring / Observability
zabbix engineer,network monitoring,Monitoring / Observability
zabbix engineer,zabbix,Monitoring / Observability
